doc_id	timestamp	notes
1	2020-05-27 23:47	在世界仍處在威脅之際，如何保持社交距離也成為全球的共同課題；速食業者漢堡王也在德國隆重推出社交距離王冠
2	2020-05-27 23:30	音室演唱、拍攝。派對於在、上架播出，碰上攪局，未能大力宣傳，但在累計觀看次數已突破萬次，尤其
3	2020-05-27 23:29	責任。對於核磁共振儀器尚未到位，鄭安理解釋，主要是因為今年初的總統大選，以及後來的影響，造成程序變慢，但相關問題都已經解決了，第一、二台預計將分別於、裝好。永齡基金會執行長
4	2020-05-27 23:29	給家鄉將軍區的長輩和北台南家扶中心扶助學童，超過人受惠。請見，，。
5	2020-05-27 23:09	來的境外生，學校會撥出經費，負責他們提早來台個半月期間的住宿。請見，，。
6	2020-05-27 22:46	為了對抗，國內積極研發疫苗，但有專家認為，政府並未將開發疫苗當成自己的責任，法令規定未依緊急情況釋出彈性，恐造成步伐落後其他國家。
7	2020-05-27 22:42	副總統賴清德日前到國家衛生研究院了解疫苗研發進度，並指最快今年秋季進入人體試驗。國衛院表示，候選疫苗從幾種選到如今不到種，均已
8	2020-05-27 22:39	路透報導，國際信評機構標普全球最新分析顯示，受到和防疫措施的衝擊，全球面臨降評風險的企業及國家數被推升至歷史新高，近
9	2020-05-27 22:38	外界擔心可能流感化、每年來一次，因此將疫苗視為終結這場戰局的利器，但專家認為，由於與流感特性不同，不一定會出現
10	2020-05-27 22:35	姆菲爾德在今天宣布，紐西蘭最後一位確診病患已經康復出院，目前全國已經沒有確診病例，且已連續
11	2020-05-27 22:35	雖然稍有趨緩，但有專家，美元需求在爆發期間上升，美國聯準會隨之和更多國家的央行建立美元互換安排，讓美元更容
12	2020-05-27 22:30	中部長台南行，遊什麼、吃什麼、用什麼將會在明天對外大公開。請見，，。
13	2020-05-27 22:30	持續在全球蔓延，許多國家向中國下訂大量口罩和防疫物資來對抗新冠病毒，不料許多國家抱怨中國防疫物資的品質和價格不穩定，而澳洲政府也因不
14	2020-05-27 22:28	文／江美雪特發性肺纖維化疾病是一種不明原因的慢性、漸進性纖維化肺炎，常見於中老年人。在台灣，約人罹患此疾病，初期症狀不明顯，單靠藥物治療效果有限。多篇研究建議，配
15	2020-05-27 22:28	西索拉克說，從起，他也將開放最多人參與的宗教活動。為了阻止傳播，西索拉克在週前採取前所未有的措施，關閉了賭場。賭場一向為拉斯維
16	2020-05-27 22:26	歐洲足壇先前因肆虐而全面停擺，葡萄牙巨星羅雖然暫時沒比賽可踼，仍透過官方社群帳號與廣大
17	2020-05-27 22:20	中研院研發的候選疫苗已出現可抑制病毒的中和抗體，預計下半年可進入人體臨床試驗。病毒感染人體，主要是透過病毒上的蛋
18	2020-05-27 22:17	因應，不少國家邊境進行管制，何時可以恢復昔日自由往返海外，是許多民眾關心的議題，但公衛界、醫學界認為，恐怕未來一年內、半年內出國都
19	2020-05-27 22:07	打擊經濟，除了緊急紓困以外，為了促進經濟穩健增長，歐盟執委會今天宣佈了億歐元的復甦資金，但由於規
20	2020-05-27 22:02	、重生派、全能神教會等宗教團體被列入邪教名單後，廣大信徒遭到嚴重迫害。報導稱，期間，僅至，至少有名全能神教會成員被抓捕，人被判刑。寒冬雜誌更以呼喊派及重生
21	2020-05-27 21:59	日本境內趨緩，但首相安倍晉三宣布對所有家庭發放布口罩，截至配達量才成，難以達成厚生勞動省本月底全數配送的目標。
22	2020-05-27 21:56	因應全球影響，國際快遞台灣分公司今天表示，已實施多項防疫措施，其中，包括協助新北市政府運送數千件個人防疫物資至其姐妹市。
23	2020-05-27 21:53	嚴重程度減弱，同時美國各州也陸續宣布解封，由於投資人懷抱經濟重新開放的樂觀情緒，美股在本週開盤連續第天大幅上漲，道指開盤
24	2020-05-27 21:35	日本首相安倍晉三表示，確實是由中國擴散到全世界，對此，中國外交部發言人趙立堅回應此事時，批評日本政治盲從，重申此事應交由科學家
25	2020-05-27 21:16	異常。吳豐盛目前還是國營會副主委本來就公務繁忙，但唐榮公司業務仍需由董事長同意，且面對衝擊，不鏽鋼市況已不佳，這幾個月公司營運真的蠻痛苦，因此唐榮企業工會才會提
26	2020-05-27 21:06	打擊經濟，日本推出兆日圓的紓困預算，佔比重超過%，是全世界紓困最大手筆的國家之一，但在今
27	2020-05-27 20:55	土完整，堅決反對台獨。稍早，政協主席汪洋在閉幕演說中，延續開幕談話，將焦點放在防控，及團結實行中國式民主等，分鐘的談話中，對台灣和港澳相關的
28	2020-05-27 20:47	美國為支持下的經濟活動，以直接向人民發現金做為紓困方法之一，有調查顯示，約/的美國人將最高美元約新
29	2020-05-27 20:44	肆虐全球，中國近日適逢兩會，趁勢大動作以疫謀亂，我國外交部長吳釗燮今日接受美媒採訪，中國下一步可能會對台動武；對此，總統
30	2020-05-27 20:36	的人很多，所以很多人就算不舒服也會為了下次打工機會硬撐著上班。請見，，。當局表示，物流中心群聚感染相關人員從昨天確認的
31	2020-05-27 20:35	因影響，日籍好手田澤純一在今年三月被紅人隊釋出，讓旅美來的他首次能夠在這段時間回到日本訓練，田澤純一在《-
32	2020-05-27 20:25	、芳療中心仍照常營業，賓客仍可至飯店用餐、享受設施。台北文華東方酒店表示，全球蔓延，國際旅遊消費型態有所改變，有鑑於飯店以國際旅遊為主，而國際旅客
33	2020-05-27 20:17	步入營運，合約於酒店營運後起算。盛治仁表示，上半年雖仍持續受到新冠肺炎影響訂單遞延，隨著趨緩、政府加大振興消費力道，下半年將有較為強勁的成長表現。君品
34	2020-05-27 20:16	台北市長柯文哲今赴議會報告，要追加億元災害準備金，其中億元用於紓困。但多位台北市議員痛批，其他縣市規劃具體振興措施，市政府僅寫張
35	2020-05-27 20:03	不管如何一定要注意維持社交距離、有必要戴口罩、勤洗手不能忘。請見，，。
36	2020-05-27 20:02	台北市政府因應衝擊，為鼓勵藝文表演，場租減免最多一折，台北市長柯文哲今赴市議會進行總預算第一次追加預算案報告，但台北市議員許淑華質疑，
37	2020-05-27 19:56	近期隨出現的新型神秘疾病兒童多重炎症綜合症，昨日南韓傳出有名兒童身上出現疑似症狀；今天南
38	2020-05-27 19:54	。今年農曆年後，天和鮮物官方網站剛放上創辦人的話影音版，劉天和表示，春節前開始受衝擊，目前還看不到盡頭，全球慘重，也看到生命的脆弱及哀傷。他並，全球各行各業經濟損失，無語問蒼
39	2020-05-27 19:52	長期在中國發展的藝人黃安，疑因為暫時待在台灣避難。一名網友前往餐館用餐時，發現黃安與他正在同間餐館吃飯，憤而拍照網，引發網友熱議
40	2020-05-27 19:50	義大利西西里島因死亡人數達到餘人，來台的義大利神父歐大福希望募集萬片口罩、額溫槍等防疫物資回故鄉，幫助教友，許多
41	2020-05-27 19:46	國政府今日宣布禁止使用羥氯奎寧治療重症病患。據《路透》報導，世界衛生組織日前宣布因安全疑慮暫
42	2020-05-27 19:42	影響期間，郵務士肩負全民口罩與酒精的配送工作，讓一罩難求的民眾可以順利買到口罩、酒精，相當辛苦，慈濟基金會為此於今天在彰化郵局發起
43	2020-05-27 19:19	，國內連續天本土零確診，中央指揮中心將於大鬆綁國內休閒活動人數限制，國內唯一口罩觀光工廠華新創意生活館
44	2020-05-27 19:16	受到影響，各國出入境採取嚴格限制。金管會表示，今年上半年的海外金檢工作被迫暫停，不過，已要求各銀行必須做好風險控管，落實內
45	2020-05-27 19:10	全球網壇因肆虐而全面停擺，現任世界球王喬科維奇雖無球可打，下月即將推出自行舉辦的
46	2020-05-27 19:06	百合子在成為東京都首位女知事，她執政成績包括在東京建立的嚴格的二手煙法規，在大流行時，比中央政府更早呼籲大眾避免外出，並大力呼籲中央就發布緊急狀
47	2020-05-27 19:03	久待與停留一晚的誘因，等到飯店蓋好後，便能增加旅客在金山停留一晚的理由。至於，目前正值的當下，此時投入飯店事業是否會有疑慮，他則表示，已逐步減輕，加上
48	2020-05-27 18:54	趨緩，但國內五星飯店已撐不下去，今日下午傳出，台北文華東方酒店將裁撤客房部人員，為最後上班日，飯店起停
49	2020-05-27 18:43	去年年底，開始在中國境內嚴重擴散，中共當局在封城抗疫之際，為了對潛在感染者和密切接觸者進行識別和追蹤，因此委託中國電
50	2020-05-27 18:36	全市停業共間，其中間已停業、間非經營酒店舞廳、間準備申請。在國內趨緩，台北市政府宣布，經聯合檢查等程序及實施防疫實名制
51	2020-05-27 18:33	在全世界仍處於高點，在台則已獲得控制，指揮中心宣布將大規模解禁，進入後防疫時代，法務部接獲指示，表示將於啟動
52	2020-05-27 18:28	使得大部分長者的關懷據點及共餐活動皆暫停，但也因此讓許多長者們加入防疫的行列。台南市龍崎區衛生所有一群平均年齡歲的長者組成
53	2020-05-27 18:13	因應帶來的影響，勞動部規劃勞工紓困貸款萬元方案，第利息由勞動部補貼，釋出總名額數萬個，根據勞動部截至今天下午
54	2020-05-27 18:09	嚴重打擊全球經濟，歐盟有意出台的紓困金上看兆歐元，也讓外界擔憂部份本已苦於高昂債務的國家雪上加霜，對
55	2020-05-27 18:09	國內趨緩，不過國際邊境管制仍未完全解封，台北文華東方酒店今天表示，起將暫停訂房服務，但餐廳及婚宴仍照常提供，也證實將資遣客
56	2020-05-27 18:06	有難度，貿協也推出相關配套，黃志芳更強調，後時代線上展覽成為常態性。受到衝擊，上半年國內重大展覽不是停辦、就是延期，國內重量級大展
57	2020-05-27 18:05	台灣趨緩，中央流行指揮中心宣布，若是連續週無本土病例，將鬆綁民眾日常生活和休閒娛樂活動。消息一出，藝文展演主辦單位寬宏藝術接
58	2020-05-27 18:04	防疫大作戰個字的字體在一般電影看板也較少用，字體筆畫末端的彩色圈圈，則是代表病毒！整體構圖看似很簡潔，仍不乏隱藏許多顏大師的創意。顏振發說，整個最難畫的是陳時中的表情和眼神，尤其是
59	2020-05-27 18:04	中國足壇因肆虐而全面停擺，不但中超聯賽開季延期迄今仍未定案，各層級聯賽也同樣被迫推遲，無球可踼陷入空前困境，目前中國足協
60	2020-05-27 18:00	在之下，台灣的防疫成果有目共睹，第一線醫護人員功不可沒，各界紛紛發起挺醫護活動，台灣服裝品牌也以心中的醫護節
61	2020-05-27 17:58	流管制，目前先從戶外親子活動推廣，北院人潮熱起來，要等邊境解封後才有可能。爆發重創故宮參觀人數，吳密察，目前週二至週五人次大約到
62	2020-05-27 17:57	在全球持續延燒，外界將疫苗視為終結這場戰局的利器，已傳出國產疫苗最快可望在今年底生產萬劑、優先提供給第一線醫護人員使用
63	2020-05-27 17:56	政府針對，推出擴大急難紓困方案，有需求民眾可請領至萬元紓困金，新北市卻傳出有民眾貪小便宜，甚至呷好逗相報存心鑽漏洞請
64	2020-05-27 17:55	材、食品生技、再生醫療及醫療通路等，目前上櫃生技公司已達家，形成完整的產業鏈；而在新冠肺炎衝擊下，仍有許多優質上櫃公司表現傑出，第一季仍有家上櫃公司，約占整體上櫃公司的％，稅
65	2020-05-27 17:54	萬台、億元；除濕機則已核退萬台、億元。官員表示，雖遭遇影響，但許多民眾上網訂購家電，對節能家電需求仍在，申請熱度不減，尤其
66	2020-05-27 17:48	趨緩，苗栗縣泰安鄉公所於起於鄉內設置五個檢疫站，於遊客進入泰安鄉地點量測體溫，若遊客體溫超過度，請遊客勿進入泰安鄉
67	2020-05-27 17:46	隨著趨緩，建商也提振信心衝刺檔期，其中新莊便是建商集中推案的重點區域。建商董座，國內趨緩，開始，全台整體看
68	2020-05-27 17:46	因趨緩，為了刺激消費，中央規劃每人支付千元換千元振興券，台北市長柯文哲今下午赴議會報告追加億元災害準備金，被國民黨台北市
69	2020-05-27 17:35	游泳池逐步開放事宜，縣府教育處，還在商議中，將於近期公告。請見，，。
70	2020-05-27 17:29	美中衝突因，和中國將推動香港版國安法而加劇，同時中國離岸人民幣兌美元匯價也隨之持續下跌，其在過去個月中約下跌％，
71	2020-05-27 17:27	此家庭主婦就可領取萬元，加兩個未成年子女各千元，總共萬元。請見，，。
72	2020-05-27 17:14	日本境內趨緩，已在解除緊急狀態，民眾戒慎恐懼展開新日常，日本主題樂園協會近日就推出一份防疫準則，其中一項是建議民眾搭乘雲霄飛車
73	2020-05-27 17:09	記者會，化身灌籃高手大秀絕技，從小就熱愛打籃球的他，也時常在室外球場被捕獲，不過近期因，短期內恐無法在球場上目睹英姿，但仍擋不住他的籃球魂，他也自爆我受
74	2020-05-27 17:08	受到影響，社福團體募款不易，喜來登名床獲悉社福團體的困境，在台南市議員蔡旺詮的牽線下，今天捐贈台南市仁愛傳教修女會德蘭園、台
75	2020-05-27 17:05	蔓延，俄羅斯今日新增例確診，全國共累計萬例，高居世界第三多，僅次於美國、巴西。根據《莫斯科時報》報導
76	2020-05-27 16:45	權交給中共流氓政權，然後中共在拿到政權的多年後，發生六四天安門事件，如今更發生事件。針對香港，郭文貴痛批，中共撕破了一切過去的承諾，呼籲美
77	2020-05-27 16:44	前大個股中以金融股佔成，建議投資人可跟著官股動向買，有機會拉高投資勝率。受衝擊，台股大盤的震盪幅度驚濤駭浪，底至中旬半個月就跌了
78	2020-05-27 16:41	億元，年增率大跌%，傳統型保單為億元，年增率減少%。由於在各國延燒，更爆發全球股災、資本市場動盪，影響國人購買外幣保單意
79	2020-05-27 16:36	國內趨緩，許多人吵著要開放邊境，但國際仍嚴峻；中央流行指揮中心指揮官陳時中說，大家很期待開放，但有些事情沒有辦法靠期待做
80	2020-05-27 16:32	席捲全球，台灣因為防疫成功獲得國際讚譽，加拿大杜魯道日前霸氣感謝台灣慷慨捐口罩，加拿大前駐華大使穆羅尼也強調，在
81	2020-05-27 16:31	為防止擴散，許多地方都規定大眾要戴上口罩，烏克蘭一名女子去郵局領貨時，因為沒有戴口罩，被櫃檯拒絕領取，女子竟當眾脫下內褲戴在頭上，誇
82	2020-05-27 16:25	他們有數百億美元的資產，包括房地產、股票和債券。我建議首先凍結這些資產，並將其分發給因死難家屬。他並强調中共才是我們的敵人，不是中國人民，也不是中國，是
83	2020-05-27 16:24	業擔憂亦是自金融危機來的最高。補充，若經濟活動能在時恢復到肺炎前的水準，那法國的全年經濟成長還可達到負%，然而這是不太可能出現的情況，言下之意並不看好經濟迅速反
84	2020-05-27 16:23	被上調，但在此之前都將維持違約的評等。阿根廷經濟早已不振，而且通膨率幾近%，更是雪上加霜，現在政府表示，如果阿根廷要正常發展，需要豁免高達億美元的債
85	2020-05-27 16:22	，目前都在幕僚會議整合討論中，預計下週將以記者會形式向國人報告。請見，，。
86	2020-05-27 16:20	盡我們所能支付全部費用和搬遷成本。川普長期主張把製造業從海外遷回美國，加上大流行，重創美國經濟，促使川普政府再度要求，改變在生產和供應鏈方面過
87	2020-05-27 16:17	隨著趨緩，各大航空公司正摩拳擦掌準備復飛，有些甚至已重啟部分航線。據外媒消息，德國漢莎航空旗下廉航歐洲之
88	2020-05-27 16:07	國內趨緩，下月起每日徵用百萬片口罩外，其餘產量回歸自由市場；經濟部長沈榮津認為，仍會維持現在實名制、天片口罩，
89	2020-05-27 16:05	影響，財政部關務署表示，雖然戴口罩不方便，但為了把握幼犬社會化黃金時期，海關緝毒幼犬寄養家庭腳步不停歇，例如緝毒幼犬
90	2020-05-27 15:55	已趨緩，防疫有成的紐西蘭和澳洲，正計畫建立跨塔斯曼海泡泡-，澳洲和紐西蘭間相隔塔斯
91	2020-05-27 15:53	完成對日本松下電器半導體事業部門的收購，但因受到影響導致法規審查延誤，讓新唐科技決定推延收購時程至。綜
92	2020-05-27 15:44	國內日漸趨緩，預計若是可達到連續週無本土病例，起就可比較大規模鬆綁生活管制措施，中央流行指揮中心指揮官陳時中今日表示
93	2020-05-27 15:35	陳時中獨自到場，台南市、台中市則是防疫五月天有機會到場。請見，，。
94	2020-05-27 15:35	因，台北市長柯文哲曾邀請中央指揮中心指揮官陳時中，一同推銷台北市政府口罩販賣機，如今趨緩，不少縣市都邀請陳時中亮相拚觀
95	2020-05-27 15:26	把事情做好，一直到這次選完之後，真正體會到做得好、贏回來，才是正道。尤其是這一次的，行政團隊的防疫表現，得到大多數立委稱讚，紓困、振興都是未來一定要
96	2020-05-27 15:24	日本首相安倍晉三日前傳出已告知美國有意赴美出席峰會，據日媒報導，雖然境內趨緩，安倍回國後可能需要進行自我隔離天。綜合日媒報導，美國總
97	2020-05-27 15:21	白皮書，去年全球併購動能因政治經濟事件影響，併購交易總額較前年微幅下滑，加上今年起因在全球大流行，全球供應鏈及終端商業活動都被迫中斷或暫停。已
98	2020-05-27 15:13	另外，陳時中也補充，其餘沒有症狀的人，未來也會安排採檢。請見，，。
99	2020-05-27 15:13	國際能源總署今日警告，受衝擊，預估全球能源投資總額將驟減%或億美元，
100	2020-05-27 15:11	受影響，屏東縣今年以來的結婚對數直直落。根據屏東縣民政處統計，今年屏東縣的結婚對數達對，份降至對，份再降至對，分更進一步降至對
101	2020-05-27 15:10	國內雖趨緩，但員警執行社會治安及交通秩序安全維護仍不敢鬆懈，台中知名犁記糕餅店老闆張仕宗，今特地南下致贈個口罩舒適帶
102	2020-05-27 15:04	元，不到新加坡和印尼的一半，是亞洲最小的股市之一，不過在成功抑制後，成為亞洲目前表現最好的國家。《彭博》報導，越南基準股
103	2020-05-27 15:04	儘管陰霾未散，不過多國已啟動逐步解除經濟封鎖，再加上石油輸出國組織及其它國的加速減產，摩根士丹利
104	2020-05-27 15:02	，國內已連續天本土零確診，中央決定提早解禁口罩管制，軍方也將退場，經濟部昨日與口罩業者開會，決定正式解禁。國內第
105	2020-05-27 14:46	宣佈，將調降北美市場全系在售車型。以及中國部分車型的售價。《路透》報導，重創全球汽車業，為增加需求，特斯拉今日宣佈，將調降其在北美市場全系在售車型的售價。不過目前尚不清
106	2020-05-27 14:45	結果大廠徵求策略夥伴，拉小廠一起加入體系供應鏈，一起做口罩供應。請見，，。
107	2020-05-27 14:42	受到影響，門診過敏兒回診量減少三分之一以上，但患有氣喘病的歲男童，卻因爸爸放無薪假，在家吸菸引發嚴重氣喘而住院。醫師表示
108	2020-05-27 14:41	衝擊美國經濟，美國聯準會因而大灑幣救市，對此，沃頓商學院教授西格爾接受專訪時表示，這些資
109	2020-05-27 14:35	歲的是英國留學生，從英國返台確診罹患，歷經天在負壓隔離病房的治療，兩週前終於出院，她形容患病期間像在岸上溺水，如
110	2020-05-27 14:29	設計到最好，能夠好領好用，鼓勵大家多消費，這是我們最重要的目標。請見，，。
111	2020-05-27 14:22	國內趨緩，下月起國內生產的醫療口罩每日定額徵用萬片；經濟部長沈榮津今天出席指揮中心例行記者會時表示，口罩開
112	2020-05-27 14:17	美中緊張局勢持續升溫、中國因處理方式飽受國際社會抨擊之際，全球最大避險基金橋水基金創辦人達利歐
113	2020-05-27 14:12	國內今日仍無新增，中央流行指揮中心指揮官陳時中表示，國內已連續天本土零確診，解除隔離已達人，目前剩人住院隔離中。
114	2020-05-27 14:11	爆發以來，各國陸續採取封鎖措施，有外媒報導，一架載有約名德國企業員工的飛機將於週六飛抵中國，這也將是中國先前禁止多數
115	2020-05-27 14:10	因應，新北技藝競賽暨技藝教育績優人員表揚典禮今年改為場頒獎拍攝活動，透過擴增實境，由市長侯友宜預錄互動及祝福影片，分別於
116	2020-05-27 14:09	行參拜管制，都使得南鯤鯓廟出現廟史以來最冷清的進香期。南鯤鯓廟秘書李國殿今天說，因趨緩，台灣多天無本土病例，南鯤鯓廟即日起對參拜解封，信眾到五王殿
117	2020-05-27 14:02	南韓境內再起，南韓電商平台位於京畿道富川市的物流中心出現多例確診病例，也因此關閉富川物流中心，截自當
118	2020-05-27 13:47	全球大流行，日本投資者正在這種環境下尋找安全標的，即使不怎麼賺錢也是炙手可熱，外媒報導，提供學生貸款的公司日本學生服務組織
119	2020-05-27 13:44	為應對對公司營運的衝擊，日本汽車大廠日產汽車傳將啟動全年億日圓規模的成本削減
120	2020-05-27 13:41	全台趨緩，國內安心旅遊即將起跑，高雄市觀光局在東高雄區推動的東高慢食旅，將增加輔導評鑑的慢食業者、提供多元交通方式，並規畫
121	2020-05-27 13:26	因應，苗栗縣立興華高中國中部美術班畢業展，首度移師於竹南火車站、尚順育樂世界空橋分地展出，今年以藝菓子為題展出幅作品，更首
122	2020-05-27 13:11	隨著趨緩，中央流行指揮中心昨宣布，若未來週內維持本土病例零確診或無社區感染，起就要落實大規模解封，嘉義市長黃敏惠今天
123	2020-05-27 13:06	持續在全球肆虐，世界羽聯日前也做出重大決定，宣布將暫停所有、、的巡迴賽以及錦標賽，讓許多職業選手失去爭取比賽獎金的機會，為了增加額外收入，歲的泰
124	2020-05-27 13:05	漸緩之後，新上任的國家發展委員會主委龔明鑫今天到台東視察，並參觀夏雪芒果等項在地的特色伴手禮、美食及農產品發展，縣長饒慶鈴希望龔
125	2020-05-27 13:01	重擊航空業，波音今年已個月零訂單，先前的空難事件亦尚未復飛，上個月已預告恐裁全球員工數的%。
126	2020-05-27 13:01	疫期間曾鬧出機場接待染疫風波，因桃機基層員工奉命接待前主秘林坤源小孩，隨後主秘之子確診，該名基層員工及家中歲幼子也慘遭染疫，所幸日前都已康復出院。事發後，前局長周永暉向交通部長林佳龍自請處分，
127	2020-05-27 13:00	因衝擊各行各業與勞工，政府祭出紓困措施。桃園市議員王浩宇今於臉書發文表示，有攤商陳情市場生意差，卻申請不到補助，未料一查得知
128	2020-05-27 13:00	億元，足以支應。由於遠航突然退出國內航空市場，直接衝擊離島空運運量，今年前半年受到影響，搭機旅客人數銳減，因此還未看見明顯變化，但隨著台灣趨緩，澎
129	2020-05-27 13:00	國內趨緩，中央流行指揮中心昨日再度宣布零確診，國內已連續天本土零確診。行政院長蘇貞昌昨指示防疫大方向是邊境風險嚴管
130	2020-05-27 12:52	商機，讓大家賺大錢。陳明通強調，近年來，中國大陸投資環境出現大幅變化，近期美中貿易戰、肺炎的衝擊，造成中國大陸經濟和全球供應鏈非常重大影響。部份台商已回台投資或分散布局、降低單一市場或單一生產基
131	2020-05-27 12:51	中央因應衝擊不少人生計，推出擴大急難紓困方案，開始受理民眾至基層鄉鎮市公所登記。苗栗縣政府社會處統計，目前已有申請，
132	2020-05-27 12:49	音樂祭及淡水漁人舞台活動，將視發展及防疫考量再做決定。請見，，。
133	2020-05-27 12:46	世界羽聯近期因為停賽，世界球后戴資穎留在台灣備戰，近期唯一的公開活動是預計在的品牌快閃店現身，屆時球迷有機會與她合影，近距離接觸球后。
134	2020-05-27 12:45	回覆中央社的電郵中提到，為了對抗冠狀病毒疾病，澳洲和台灣已展開合作。電郵還提到，澳洲透過台灣獲得符合澳洲標準的醫療防護裝備等事項是重要的議題
135	2020-05-27 12:40	台灣逾天無本土案例，中央宣布從後鬆綁民眾生活防疫措施。台中市政政宣布三大解禁，即日起開放各校辦理畢業旅行，文化局各演藝場館
136	2020-05-27 12:35	蔡沐霖也說，在中央流行指揮中心與全體國人的努力之下，直到今日已經連續無本土確診案例，雖然不可掉以輕心，但年輕朋友仍可把握此次高鐵推出優惠方案的機會，跟著陳時中部長力行防疫新生活；
137	2020-05-27 12:26	新竹市環保局表示，今年因資源回收物收購價格低迷，又遭逢影響生產及消費行為，導致資源回收個體業者收入驟減，已成功爭取環保署補助經費萬元，辦理資源回收關懷計畫，
138	2020-05-27 12:26	人自己都出來玩了，子彈就能用久一點，交通部也會制定防疫旅遊參考守則讓大家安心出遊。重創觀光旅遊業，隨著國內趨緩，交通部與衛福部攜手推出防疫旅遊領軍全台各地旅遊業者，號召部遊覽車、
139	2020-05-27 12:22	衝擊各行各業，提供身障者就業支持的庇護工廠，業績也受影響，今年一到三月跟去年同期相比，整體營業狠降萬餘元。台北市副市長黃珊珊今早
140	2020-05-27 12:18	全球延燒，美國總統川普，透露自己正持續服用具爭議性的抗瘧疾藥物羥氯奎寧預防染疫，
141	2020-05-27 12:12	港台公民團體譴責中共專制記者會強調，中國帝國主義已發動攻勢，收拾香港後就輪到台灣，後會有更大一場中國帝國主義瘟疫要進來台灣，台灣官民應像抗疫一樣團結一心，聲援香港、保衛台灣。吳叡人表
142	2020-05-27 12:12	大聯盟目前仍因全面停擺，各球隊收入銳減，今運動家宣布不再支付小聯盟球員薪水，白襪則在上週一口氣釋出名球員。白襪隊在
143	2020-05-27 12:11	美國和中國先前進行貿易戰，在爆發後，美中雙方也頻頻針對病毒起源和防疫措施唇槍舌戰。中國外交部長王毅日前在全國人大記者會時，面對西
144	2020-05-27 12:10	授權由雙鐵因地制宜，交通部也會責成雙鐵落實可販售自由座情況下，也要落實防疫新生活。重創觀光旅遊業，隨著國內趨緩，交通部與衛福部攜手推出防疫旅遊領軍全台各地旅遊業者，號召部遊覽車、
145	2020-05-27 12:07	重創了全球經濟，據一項研究，因為預算壓力，東南亞國家正在刪減國防預算，這給了中國進一步在南海擴張軍武的機會。根據《美聯社》報
146	2020-05-27 12:06	，沒有關係，只是讓台灣更好，每個縣市都好，我們樂於被插隊。請見，，。
147	2020-05-27 12:01	對於起中央擬對全面鬆綁管制措施，台北市副市長黃珊珊今天受訪表示，現在已超過兩個潛伏期的確診，而台北市目前除了校園仍暫時關
148	2020-05-27 11:59	台灣平穩，中央流行指揮中心鼓勵國旅，近期不少縣市爭搶邀請指揮官陳時中樂活防疫遊，目前陳時中已確定週四到新竹、週五到桃園，週六
149	2020-05-27 11:58	對世界各國影響甚鉅，美國皮尤研究中心發布的最新民調顯示，有高達%的美國人不信任來
150	2020-05-27 11:52	金、金莎與金萌，突顯牠們都是來自金門的水獺族群。園方表示，因應嚴重特殊傳染性肺炎期間，為避免群聚而取消現場活動，因此在世界水獺日推出
151	2020-05-27 11:48	除人流管制，但還是希望遊客保持適當的社交距離，必要時戴起口罩。請見，，。
152	2020-05-27 11:34	以看到沃爾開始進行各種籃球訓練，包括扣籃、跑步、甚至參與球隊打的對抗練習，加上因肺炎，迄今仍在停賽，讓球迷們引頸期盼認為這位五屆明星後衛也許能在復賽後重新回到球場上。沃爾昨在接受媒體
153	2020-05-27 11:26	何不惜殺掉金鵝也要這樣做？可用內憂外患、挺而走險個字形容。中國內部經濟變壞、導致失業率飆升，還有高層權力鬥爭，外部有美中新冷戰爆發、全球反中浪潮，網路上有國聯軍要對中國求償，全球經
154	2020-05-27 11:25	出，一來向偉大的媽媽獻上敬意，其次，也是自我驗收學習成果，惟最後因防疫考量而作罷，如今趨緩，師生們討論後，遂決定利用下課時間以快閃音樂會方式呈現，且
155	2020-05-27 11:21	防疫期間人人自危。社群網站上近日流傳一段影片，宣稱美國紐約史泰登島上，名女子逛超市時沒戴口罩被民眾包圍
156	2020-05-27 11:19	國內的趨緩，口罩禁令即將解禁，藥局已不再出現大排長龍買口罩的景象，彰化伸港藥局藥師陳弘志表示成就解鎖，感謝所有人一起挺過來了！
157	2020-05-27 11:18	大流行，重創全球汽車產業。為保護法國汽車業免受影響造成重大損失，法國總統馬克宏宣佈億
158	2020-05-27 11:13	國內連續多天沒有本土確診病例，趨緩，中央流行指揮中心規劃在擴大鬆綁生活防疫規範，雲林縣長張麗善今天宣布雲林縣提早從
159	2020-05-27 11:08	雖然目前台灣趨緩，不過移民署不敢掉以輕心，為降低群聚感染的風險，移民署今天宣布，希望外國學生多加利用學生線上申辦系統來申辦外僑居留
160	2020-05-27 11:07	美國持續嚴峻，紐約在內的許多重災區至今仍舊缺乏足夠的防疫物資；全美台灣同鄉會發起捐贈醫療物資活動，台灣基進立委陳柏惟居中牽線美國在
161	2020-05-27 11:07	緩解，中央宣布開始，各場域可望鬆綁防疫措施，像是搭乘捷運、公車，如果是離峰時段，且能維持社交距離，將可以不戴口罩。對此，台
162	2020-05-27 10:54	力，地方政府只好超前部署，用自己力量救經濟，這也凸顯中央政府無能。針對行政院因應振興擬推出振興券促進消費，國民黨今召開記者會，王育敏提出給太少、發
163	2020-05-27 10:46	以後萬一造成的第三波攻擊，恐怕不是大家願意付出的代價。請見，，。
164	2020-05-27 10:44	名單的。就算評論五毛做得很棒，也會被自動過濾器刪除，對此表示在大流行期間，他們近期較依賴自動過濾器，人工審核相對較少。
165	2020-05-27 10:44	全球對抗。為了向防疫最前線的醫療人員致上最高敬意，總部位於巴黎的法國精品?與?工坊志願加入的員工一
166	2020-05-27 10:44	表示，他認為拜登可能忘記了自己向中國諂媚、卑躬屈膝的，並指拜登當然不會讓中國對負基本責任。納瓦羅說這就是讓我震驚的地方。有充分的證據表
167	2020-05-27 10:43	新竹縣五峰鄉公所公告，因應趨緩，原從起在鄉內設置的個體溫量測防疫管制站，將於後撤除，但仍請入鄉遊客自行量測體溫
168	2020-05-27 10:43	後的運送過程，更是隨時冒著生命危險，無勞保且處於險峻工作環境，從未讓他害怕過，但受這波影響，竹子沒法出口，一家口頓失經濟來源，如今只能到處跟親友借錢，他
169	2020-05-27 10:42	武漢首班包機在返台，中央流行指揮中心隔日宣布有人確診，指揮官陳時中當時疑似過於自責，在記者會上哽咽落淚。陳時中近日接受訪問時
170	2020-05-27 10:40	防疫期間，民眾待在家中時間增加，南投縣政府衛生局提醒民眾，根據世界衛生組織，身體活動不足為全球死亡前十大危險因子，約有
171	2020-05-27 10:33	南韓逐漸趨緩，各級學校陸續復課，不料防疫中心最新數據顯示，南韓境內昨新增例確診，為天以來新高，目前確診數累計達例。
172	2020-05-27 10:21	受到影響，今年綜所稅申報期長達個月，各銀行持續加碼繳稅優惠。渣打銀行今日宣布為期天的快閃方案，新戶自明日中午為期
173	2020-05-27 10:18	受中國衝擊，全球經濟停擺數月，多個產業瀕臨崩潰邊緣，像是航空業、旅遊業。隨著經濟逐步解封，財經節目主持人表示，如果投
174	2020-05-27 10:16	受影響，苗栗縣政府依據中央指示校園禁止民眾進入運動，如今逐漸緩解，且台灣已超過個月無本土案例，縣府考量社區民眾休閒運動的需求
175	2020-05-27 10:15	慘案。因兇嫌青葉真司在縱火過程中也身受重傷，警方原訂等他燒傷痊癒後再逮捕，但不巧又遇上，直到今日早上時伏見警方正式以殺人及縱火罪嫌，
176	2020-05-27 10:12	，設籍新北且符合資格的待役役男自起可向轄區公所報名。民政局長柯慶忠表示，今年受新冠肺炎影響，部隊上半年已減半收訓，又值畢業旺季待役人數大增，預估今年學子畢業至入伍，平均待役時間需個月以上。
177	2020-05-27 10:07	美元獎金。在提交給文件中也，上述舉措，是考量該公司及其員工因影響而面臨的財務和運營不確定性所下的決定，並認為對高管發放獎金是必要的，
178	2020-05-27 10:05	持續，霧峰分局也配合量體溫、酒精消毒、分流防疫，其中每天都有人犯進出的偵查隊辦公室，在警友顧問林碧鋒捐贈下，在公文櫃上架設透明壓克
179	2020-05-27 10:03	世界衛生組織，全球截至底正開發多種疫苗，美國官員和科學家則肺炎疫苗可在上半年準備就緒。
180	2020-05-27 10:03	趨緩，桃園市政府為了振興經濟，規劃推出電子旅遊券，讓萬名桃園市民可領得元，起可在觀光旅遊場所、旅宿業、商圈店家
181	2020-05-27 09:55	重創全球汽車業，法國財政部長勒梅爾日前警告，若法國汽車製造商雷諾不能盡快獲得
182	2020-05-27 09:52	討，包括溝通管道暢通、改善作業流程等，持續與空服員協調。另外，針對小股東關心的影響。長榮航空總經理表示，長榮航空是專業航空公司，無法預測何時舒
183	2020-05-27 09:45	肆虐，部分歐美國家雖趨緩，但全球累計確診人數持續增長，目前全球累計確診已突破萬，死亡則是逾萬人。根據《約翰霍普金斯
184	2020-05-27 09:28	趨緩，各國商業限制逐漸鬆綁，加上疫苗研發進展樂觀，週二國際金價大跌，黃金期貨收盤跌美元或%，至每盎
185	2020-05-27 09:13	從東亞、歐洲、北美，轉移至南美洲，巴西單日死亡人數首度超越美國，而委內瑞拉，則被專家質疑數據謊報。綜合外媒報導，巴西在過去小時內
186	2020-05-27 09:12	國際間蔓延，但台灣已安全、將在下月解禁防疫措施。中國狂罵台灣隱匿，甚至嗆聲指揮中心指揮官陳時中是隱匿一把手。
187	2020-05-27 09:12	國內漸趨穩定，新北市長侯友宜今天宣布，將解除室內人、室外人的限制，後續將視發展調整策略。侯友宜今天上午主持防疫
188	2020-05-27 09:08	受到影響，球隊收入銳減、連帶影響球員、工作人員生計，運動家今就宣布，自起不再支付所有小聯盟球員薪水。隨著賽季停擺時
189	2020-05-27 08:40	市場對疫苗的研發持樂觀態度，且企業逐漸開始復工，美國股市走高，道瓊工業指數大漲點，但標普指數未能守住早盤站上點
190	2020-05-27 08:40	或預防藥物出來，就看科學研究的狀況了，可能還得一、二年才有機會。請見，，。
191	2020-05-27 08:25	至今趨緩，但過去在病毒肆虐全球之際，歐美多國不得不封鎖城市，嚴禁民眾外出工作、吃飯或遊玩。因此訂購外食，便成了民眾紓壓解悶的其
192	2020-05-27 08:24	日本開發的新型流感治療法匹拉韋，被列為候補治療藥，日本原本預定五月底前批准使用，但隨著日本國內緩和，降低了
193	2020-05-27 08:13	中國國家疾控中心主任、全國政協委員高福聲稱，被視為發源地的華南海鮮批發市場沒有檢測到病毒，還稱該市場是受害者。這項說法推翻他自己之
194	2020-05-27 08:06	賣運作，到挺進防疫旅館第一線配餐收垃圾，過程中還一度爆淚。劉香慈透露，之前最嚴重的幾個月，她不准老公出去應酬，憂心孩子抵抗力弱，接觸到病毒怎麼辦，
195	2020-05-27 08:06	世界衛生組織宣布，暫停患者服用抗瘧疾藥羥氯奎寧的跨國臨床試驗。除此之外，世衛
196	2020-05-27 07:47	股判刑定讞，報到入監，但因他未被褫奪公權，入監不影響立委資格。傅目前因規定先住獨居房隔離天，近日則有媒體消息指，傅出關後能否以視訊、書
197	2020-05-27 07:43	受到影響，大聯盟遲遲無法開打，聯盟與球員工會持續尋求共識，聯盟今正式向工會送出第一版提案，在薪資方面不是先前外傳的五五分潤，
198	2020-05-27 07:09	有萬個之多，係平時的倍，落差之大，也令造訪的遊客驚喜不已。民眾表示，自從發生以來，大家都配合政府防疫措施，幾乎都宅在家裡，以減少群聚感染
199	2020-05-27 06:55	受到影響，東京奧運延後一年，近期美國媒體也評出大州最佳陣容，若不限定現役球員為主，美洲最強五人分別是歐尼爾、喬丹、布
200	2020-05-27 06:53	濟顧問庫德洛接受《福斯新聞》訪問時表示，鑑於中國在上及對香港的作為，震怒的川普已不再像以往重視美中貿易協議，宣告美國政
201	2020-05-27 06:06	自由時報緩大解禁國內昨仍無新增，中央流行指揮中心指揮官陳時中表示，國外嚴峻，但國內已連續四十四天本土零確診，蘇揆指示防疫大方向是邊
202	2020-05-27 05:59	的義大利視障男高音安德烈．波伽利說，他之前感染了，不過已經康復了，他形容這段染疫經歷像場噩夢。綜合媒體報導，波伽利上
203	2020-05-27 05:57	會主任庫德洛接受《福斯新聞》訪問時表示，鑑於中國在上及對香港的作為，震怒的美國總統川普已不再像以往重視美中貿易協議，
204	2020-05-27 05:43	義大利民防保護局今天表示，境內新增起冠狀病毒疾病死亡病例，較昨天通報的例少，但新增確診數由昨天通報的例增加至例。路透社
205	2020-05-27	，加上有點乾燥，我本來就有過敏體質，導致不斷流鼻血，幸好沒有影響到比賽。受到影響，已超過個月無比賽可打，李亞軒笑說，這應該是生涯休季最長的一次，期間至少錯過場比賽，我都覺得自己
206	2020-05-27	，台灣新生代好手許育修在間歇性降雨中以、輕取譚立威，輕鬆晉級次輪。受到影響，全球職業網壇自初停擺迄今，體育署特別與網協合作，舉辦總獎金萬元的防疫盃，提供國內選手比賽舞台。
207	2020-05-27	日引述兩名消息人士披露，香港國泰航空受衝擊，計畫透過整併子公司國泰港龍航空與香港快運航空
208	2020-05-27	中國現代政治的東京大學教授高原明生，則以中國國防預算比去年增加六．六％為例，即使在重創經濟的情況下，中國還是在大砲與奶油之間選擇大砲，因為中國認為美中兩國已展開激烈競爭，中國要向國際社會
209	2020-05-27	也將總動員因應，絕不容忍任何破壞社會安寧的違法行為，會果斷執法，香港勢將重現因而平息數月的大規模抗爭！香港政府向立法會提出的國歌條例草案，原本去年要在立法會二讀，但因反對修訂
210	2020-05-27	謝介裕／南投報導打噴嚏、流鼻水、鼻塞不見得是感冒，南投市歲的劉姓粉領族，自從發生後，工作場所需要整天戴著口罩時，便飽受鼻水共共流的困擾，致工
211	2020-05-27	逐漸受控，繼日本之後，台灣也宣布解封，樂觀氣氛蓋過美中緊張關係擔憂，外資轉匯入，新台幣昨以元兌美元作收，重返
212	2020-05-27	全球面對新冠肺炎影響，凱基證券捐助的凱基慈善基金會特地自海外購置口罩捐助日本。日本官房長官菅義偉昨公開致謝台灣人民及台灣企業；他表示，感謝台灣企業家辜仲瑩先生的捐贈，受
213	2020-05-27	後，遠距辦公成為新常態，台灣微軟事業部副總經理陳慧蓉表示，台灣連續多日無本土病例確診後，許多企業已開始計
214	2020-05-27	主委陳美伶、外貿協會董事長黃志芳、廣達副董事長梁次震都到場祝賀。陳美伶，因關係，國內會展產業受到衝擊，但未來市協助外貿協會，在週內將整體虛擬
215	2020-05-27	儘管台灣在中受創較輕，但經濟還是受到一定程度的影響，從最近公布的經濟數據可窺知一二，包括失業率升破%、為近同月新高，餐飲業營業額年減%、創史上最大減幅等。如今，國內
216	2020-05-27	導，全球半導體的基板材料矽晶圓出現復甦的跡象，全面啟動促使記憶體行情復甦，加上防疫推動居家辦公擴大、數據中心伺服器需求正在增加，使本季半導
217	2020-05-27	重創全球，觀光客來不了，台北觀景台瞄準國旅市場，自至，國人每天上午點至下午點登上觀景台，每人票價只
218	2020-05-27	達電腦正在桃園設新廠，投資約一五○億元，準備生產伺服器用的通訊設備等，且設廠進度未受到的影響而放慢。廣達向美國臉書、等網路鉅子的數據中心供應伺服器
219	2020-05-27	。四年的副元首，加上之前的衛生署署長，經歷陳水扁和蔡英文兩位總統，也經歷ＳＡＲＳ和中國的處理，在人們心中留下良好印象。政治，也可以這樣，難得的單純。說是非典型政治人物，也不盡然。被以非典型政
220	2020-05-27	人而非中國人，有極巨大的進步。台灣民意基金會董事長游盈隆認為，這可能是因為大爆發後人人自危，人民突然強烈感受到民族國家存在的重要性，這無疑已是我國史上台灣民族驕傲感最強的時刻。
221	2020-05-27	金融關係日益緊密，做為調降香港信評的理由，是毫無根據的。但費安德，香港經濟早在發生前，就因反送中事件陷入低迷；換句話說，香港在過去十二個月遭逢反送
222	2020-05-27	使有現代版的張伯倫、現代版的慕尼黑協定，那麼便只剩下哪年哪月哪日甚麼地方或空間被佔領。之亂，民主國家生命損失慘重，經濟哀鴻遍野。但，這場奇襲的殺傷力在互相感染，而下一個人命關天的地方可能在新
223	2020-05-27	能力，施政往往有如緣木求魚，以致為了防止登革熱，竟然以爬樹來表現他的親力親為；為了避免肆虐，他自以為聰明的超前部署，再加上不三不四的春安演習；連他僅有兩項可自吹自擂其偉大的政績路平
224	2020-05-27	人。例如懷疑手沒洗乾淨，一天洗手不下數十次，有間接強迫症現象；懷疑身旁的人咳嗽就是得到，間接造成與身旁的人關係疏遠；走出戶外一有風吹草動就會驚慌，直問最近咳嗽的人是不是變多了，造成身心負擔；
225	2020-05-27	惹惱全球。引發中美貿易、科技戰。一項調查顯示九十％的美國人認為中國對美是威脅。二、的口水戰，中國所表現的鴨霸引發討厭中國潮，圍堵中國暫成潮流。三、武肺蔓延，暴露出全球化界線，
226	2020-05-27	因應的衝擊，原五月底截止的年度綜合所得稅申報延長一個月至六月底，國稅局嘉義縣、市分局統計，目前申報率超過五成；國稅單位提醒納稅義務人，六月一日前網路申報綜所稅
227	2020-05-27	台灣稍歇，澎湖縣政府旅遊處為搶攻這波觀光商機，推出原本年底才要揭開神秘面紗的軍事秘境銅牆鐵壁，當作今年九月二十九日情定澎湖灣婚紗攝影景點。澎湖觀光業受
228	2020-05-27	趨緩，市長鄭文燦昨主持防疫暨紓困專案會議時宣布，考量市民運動及使用室內外空間需求，六月一日起，校園室內外空間恢復開放租借、
229	2020-05-27	趨緩，基隆市長林右昌昨宣布將與桃園市合作，推動和平安心遊‧作伙來基桃雙城旅遊，爭取更多遊客。桃市觀光旅遊局局長楊勝評表
230	2020-05-27	侵害全球，台灣靠著超前部署，成為世界防疫楷模，政府也決定提前於六月解禁口罩徵收令，無論內銷、外銷都可，不過這項驚喜，卻讓不
231	2020-05-27	說，要獲得產銷履歷認證，成本比過去的產銷成本稍微提高，但對於消費者的保障更多，今年因為，餐廳、團體等減少西瓜的用量，西瓜大盤原本一開始的時候量不大，但她所生產的宅配西瓜，銷售量反而提高，消費
232	2020-05-27	席捲全球，台灣防疫成績深受肯定，宜蘭縣一百三十八家民宿業者提供近八百間房間，即日起至十月底期間，招待參與防疫的醫護人員免費住宿，以
233	2020-05-27	行、騎單車。台南大學校園內也下起黃金雨，校方已連續十二年舉辦阿勃勒節，今年受到影響停辦，但因國內趨緩，民眾仍可實名制進入校園賞花。台南大學府城校區的紅樓與誠正大樓間有多株阿勃
234	2020-05-27	被陰了真棒！衛福部借給台東縣兩部病毒檢驗儀器，分別建置在台東馬偕、衛福部台東醫院，在完成儀器建置、人員教育訓練後，廿五日正式啟動，部東醫院接獲首支檢體，等級負壓實
235	2020-05-27	屏東大鵬灣琉球航線上週宣布停航到六月底，外界傳聞是受影響，近期台灣多日零確診後，傳出航線將移往大鵬灣西岸小巨蛋載客重新出發，搶奪火熱的小琉球航線商機。台灣定期航班
236	2020-05-27	風侵襲，部分已有破損，希望早日完成規劃，加速發包，如期如質完工，以優質的休憩環境，迎接趨緩後的旅遊人潮。縣長饒慶鈴強調，蘭嶼鄉以其獨特的自然景觀吸引遊客，在蘭嶼辦理任何設施工須特別謹慎，
237	2020-05-27	鳥一九七自然療癒、萬安國小振興分校法籍街頭藝術家柒先生阿美族少女的遠望等，隨著趨緩，逐漸恢復昔日遊客川流景象，眾人防疫警覺未失，保持社交距離排隊等待拍照打卡。台東防疫鬆綁後首場
238	2020-05-27	四五億元，票價與運價間的差額，仍由政府編列預算補貼乘客。交通局補充，考量今年度影響，公車運量減少、油價受國際局勢影響，價差補貼款應該還有剩餘，所以運價調漲的補貼部分，尚無須追加預算。
239	2020-05-27	因嘉玲持續報到，台中市日前宣布有條件讓台中酒店與舞廳解封，台中市經發局統計，截至昨日全市九十一家酒店、舞廳，已有包
240	2020-05-27	台中市校園再解封！考量趨緩，市長盧秀燕廿六日再宣布鬆綁措施，台中市高中以下學校自六月一日起，開放平日下午六點後放學時段讓市
241	2020-05-27	疫苗研發又傳好消息，美國馬里蘭州生技公司諾瓦瓦克斯廿五日宣布，該公
242	2020-05-27	日本開發的新型流感治療藥物法匹拉韋，被列為候補治療藥，日本原本預定五月底前批准使用，但隨著國內緩和，降低對治療
243	2020-05-27	醫學期刊《刺胳針》一篇報告，患者服用抗瘧
244	2020-05-27	俄羅斯嚴峻，滯俄九十四國人及俄羅斯配偶兩人昨搭日航班機撤離，經東京返抵國門。旅客在候機室臨時檢疫
245	2020-05-27	中央流行指揮中心昨天公布海軍敦睦艦隊磐石艦群聚感染事件調查結果，確定有四波傳染，最早一名確診官兵在三月十日就發
246	2020-05-27	國內昨仍無新增，中央流行指揮中心指揮官陳時中表示，國外嚴峻，但國內已連續四十四天本土零確診，蘇揆指示防疫大方向是邊境
247	2020-05-27	列展覽之一心內的所在──郭雪湖望鄉特展，起就在南美館館樓展出，因適逢最嚴峻時期，開幕活動延至本週四辦理，而因應防疫措施暫停的相關、互動展，也可望最晚自起重新開放
248	2020-05-27	隊友》最受歡迎。表演場館挽救票房可望全席開放據報告，今年受衝擊，取消及延期演出節目數量於份達高峰，截至，上半年票房金額共億，較同期票
249	2020-05-27	、等品牌。往年中外藝品展的重頭戲畫師手繪秀，今年因為受到新冠肺炎影響，畫師都無法來台，但今年展場仍能鑑賞到不少精采作品。譬如，旺代特別空運日本皇室大倉陶園
250	2020-05-27 00:35	次就算祭出不到一般航線半價的元超低價，仍不見吸客力，營運始終未見起色，今年又碰上強襲，連小琉球都受到影響，更別說還沒站穩的鵬琉線。經營的大鵬灣遊艇公司上週貼出公告，指為提升服務品質及搬
251	2020-05-27 00:16	印尼今年下旬，因害怕監獄成為群聚感染的場所，因此提早釋放服刑達標的罪犯約萬人。但據統計，提前釋放的罪犯中有人重新犯罪被逮
252	2020-05-27 00:11	肆虐全球，許多國家面臨防疫物資短缺問題，南韓有民眾不滿慶州市長朱洛榮無視民間物資缺乏，反而將大量物資捐給日本的兩個姊妹市，於
253	2020-05-27 00:06	希望能盡快將技術運用到公共場域，但目前並未透露進一步的計畫細節。請見，，。
254	2020-05-27 00:05	得勝利，屆時由立法會對國安相關條例進行改動的可能性將不復存在。第三個原因是全球忙於對抗，無暇關注。迪特，對港人來說，現在眼前只剩兩條路沉默地接受
255	2020-05-26 23:59	，是羅琳第一個與《哈利波特》無關的兒童讀物，她在十多年前為自己的孩子寫了這本書，決定在大流行期間出版。羅琳表示，這是為了處於封鎖狀態的兒童，或是在這些陌
256	2020-05-26 23:25	肆虐全球，中國政府持續強化外宣攻勢，並趁勢在全國人大強推港版國安法，引起國際社會強烈譴責；對此，中國駐法國大使館在推特發布美
257	2020-05-26 23:16	中國第十三屆第三次全國人民代表大會持續進行，中國國家主席習近平今天強調，防疫期間須做好國防及加強部署軍事武力。綜合外電報導，習近平今天在人民
258	2020-05-26 22:35	以《派遣女醫》成為日劇一姐，該劇收視向來長紅，幾季下來替電視台和米倉賺進大把銀子，但爆發後，米倉涼子已向電視台多次請辭，表示自己不想再演大門未知子，想要
259	2020-05-26 22:25	加拿大因應持續禁止聚集，有官員今天竟說，這段集會遊行被禁止的期間是建立油管的絕佳時機。綜合媒體報導，亞伯達省
260	2020-05-26 22:17	導致許多大型活動停辦，英國超跑製造商麥拉倫也因此受打擊，出於賽車比賽和製造、銷售活動在下暫
261	2020-05-26 22:06	日本政府在下大舉紓困，但生意大受打擊的風俗店卻因其資金來源多為黑社會、逃稅，以及職業歧視等因素，而遭政府拒絕紓困，使風俗店的
262	2020-05-26 21:57	近期歐美有數百起伴隨出現的神秘疾病兒童多重炎症綜合症，南韓在今日也出現例疑似個案，若是真的確診，可能將
263	2020-05-26 21:57	肆虐，經濟合作合作暨發展組織今天發佈最新報告，儘管目前個會員國中，尚有個國家尚未發佈第季經濟數據，不過仍可推
264	2020-05-26 21:45	市場對於重啟經濟抱持樂觀態度，再加上疫苗開發再傳利多，美股週二開盤勁揚，道瓊工業指數大漲超過點，標普指數更一舉站回
265	2020-05-26 21:30	俄羅斯總統普廷引用專家的意見宣布，俄國已過了的高峰期，他同時在會議上表示，先前延後的二戰勝利日閱兵，將改在
266	2020-05-26 21:19	台灣趨緩，中央流行指揮中心指揮官陳時中也宣布，口罩禁令預計解除，將可自由買賣。日本鄉民得知消息後開心直呼，台灣口罩比中
267	2020-05-26 21:18	國內日漸平穩，中央流行指揮中心今日宣布以後會比較大規模鬆綁國內生活限制，屆時指揮中心記者會也可能將不再天天開，但調整形式仍待指揮官陳時中拍板。中央流行
268	2020-05-26 21:15	《聯合早報》報導，新加坡國家傳染病中心與新加坡醫學科學院共同發表的最新研究顯示，患者染上病毒的天之後，就不再有傳染力。這項研究結論，呼應了上月在
269	2020-05-26 21:09	侵害全球，台灣靠著超前佈署，成為世界防疫楷模，政府也決定提前於解禁口罩徵收令，無論內銷、外銷都可，不過這項驚喜，卻讓不少口罩工
270	2020-05-26 20:56	蔓延期間，台灣數位政委唐鳳引起日本網友極大關注，不少報導日媒甚至以智商台灣天才大臣稱呼。沒想到，唐鳳竟然還跨界與日本新
271	2020-05-26 20:47	稅恢復以%課徵，酒精原料關稅減半措施，則將延長個月，至止。為因應防疫需要，財政部關務署日前宣布，針對有取得衛福部核發證明文件的藥用酒精原
272	2020-05-26 20:35	衝擊中國經濟活動，並導致中國當局取消發布今年的增長目標，而中國的富豪則為了避免其財富受通貨膨脹和人民幣疲軟影響，在
273	2020-05-26 20:35	中部長來新竹市，預計當天下午點開始，要請阿中部長來新竹市走走。請見，，。
274	2020-05-26 20:27	額共億，較同期票房億，減少億，退票金額億。受衝擊，報告，取消及延期演出節目數量於達高峰，截至，
275	2020-05-26 20:23	受影響，國內花卉內外銷遭受嚴重衝擊，農委會為協助花農，並刺激花卉內需，近期與南投縣政府、集集鎮公所合作，在集集火車站增加蝴蝶蘭地景
276	2020-05-26 20:16	好，加上有點乾燥，我本來就有過敏體質，導致不斷流鼻血，幸好沒有影響到比賽。受到影響，已超過個月無比賽可打，李亞軒笑說，這應該是生涯休季最長的一次
277	2020-05-26 20:09	台灣趨緩，但不少國家仍在蔓延中，醫護人員除了要不辭辛勞照顧患者，甚至還有可能遭到歧視。印度媒體報導，印度加爾各答至少有名護理師
278	2020-05-26 20:02	南非聯絡辦事處代表麥哲培代表接受，麥哲培並感謝我國的愛心善舉。曹立傑致詞，因應蔓延全球，並展現台灣是負責任的利害關係者及台灣能幫忙，而且台灣正在
279	2020-05-26 19:55	印度數百萬農民工從大城市返回家鄉後，各邦的確診人數出現上升趨勢，印度官員擔心，可能會擴散到只有基礎醫療服務的農村地區。綜合外媒報
280	2020-05-26 19:31	自爆發以來嚴重衝擊航空業，歐洲最大的航空公司德國漢莎航空也同樣在這次中面臨龐的營運壓力。對此，德國經濟部
281	2020-05-26 19:30	在全球受到新冠肺炎影響情之下，許多國際運動賽事也取消或延期，台灣隊控制得到國際稱道，讓台灣職業棒球賽事成為全球第一個開賽的職業聯盟，引起美國和日本等運
282	2020-05-26 19:20	因滯留俄羅斯的國人透過駐日代表處協助，今天搭乘日本航空撤僑包機於下午點
283	2020-05-26 19:11	國際局勢，深化台宏兩國合作關係，並希望台灣能持續分享寶貴的醫療資訊及經驗，協助宏國對抗。張惇涵說，蔡總統感謝葉德茲總統撥冗致電祝賀她的連任，也表示台灣
284	2020-05-26 19:08	後，分別於同意機組臨界，同意機組併聯。核三廠，由於大修正值的防疫期間，採取多項防範措施層層把關，在嚴格管控之下完成了燃料檢查、更換
285	2020-05-26 18:44	行政院今日召開防疫措施解禁會議，敲定解禁日期，若第個天零本土病例或社區感染，將在擴大開放國內民眾正常生活；行政院長蘇貞昌今日也在臉書發文強調，全民一起拚防疫
286	2020-05-26 18:43	表示，就算有一些國家讓學生回到學校上課，他也不會允許菲國學生在獲得疫苗之前重返校園。綜合外媒報導，菲律賓衛生部今日通報，境內武漢肺
287	2020-05-26 18:33	計不同的哏，更重要的是，讓忙碌的阿中部長休養身體，好好的補一補。請見，，。
288	2020-05-26 18:32	《日經新聞》報導，日本生技公司於昨日宣佈，疫苗開發出現進展，可啟動臨床試驗；因此消息激勵，今天股價大
289	2020-05-26 18:28	藥食同源的最早代表，也有預防癌症、降低動脈硬化、心臟疾病、維持正常免疫力等效用。值此期間，建議民眾可適度把薑入菜食用或以薑片泡茶飲用，能提升免疫力，只要
290	2020-05-26 18:21	位是外僑居留與許可者，預計抵台後，一律都要接受集中檢疫天。請見，，。
291	2020-05-26 18:18	中央流行指揮中心今日宣佈，海軍敦睦艦隊磐石軍艦官兵感染案結案，國防部稍早也召開記者會回應。軍方此次特地比照流行指揮中心，邀請新
292	2020-05-26 18:15	，突遭受徐男攻擊導致喘不過氣才不治，因此依傷害致死罪嫌將徐男起訴。由於案發當時正值延燒時，保全不明猝死，讓徐男被羈押時，台北地院還在電子看板上特別備註被
293	2020-05-26 18:13	敦睦艦隊群聚事件沒有造成帛琉和台灣的社區感染。張哲平說，敦睦支隊已經有進行防疫，但的無症狀患者實在是不容易察覺，且當時高雄地區也有零星無症狀患者、和不明感染源，但經過這次染疫案後國軍也得到經
294	2020-05-26 18:10	中央流行指揮中心今日宣布磐石艦染疫案結案，並對國防部防範等疾病，做出項建議，國軍也已採購
295	2020-05-26 18:08	高級股票基金經理則稱，美中衝突尚不是市場明顯的風險，但受影響，如美中地緣政治衝突、本土化與全球化對立、供應鏈和生產線轉移等
296	2020-05-26 17:51	高雄首艘遠洋漁船預計返回高雄港，基於防疫，將停靠前鎮漁港西岸深水碼頭內側碼頭，估計還有餘艘陸續返港。高雄市衛生局已經媒合
297	2020-05-26 17:51	敦睦艦隊磐石軍艦名官兵確診，中央流行指揮中心今宣佈此案結案。對此，國防部今日下午召開記者會說明內部調查進度，總督察長黃國明
298	2020-05-26 17:51	、美國、澳洲、俄羅斯、東南亞、中東等新市場下，成長超過%。陳吉仲，今年由於衝擊，國際航班縮減、運費成本上升，為了協助水果產業站穩海外市場，取得
299	2020-05-26 17:36	月上路、系統性重要銀行內部管理資本增提％，延後實施。金管會表示，因應對於經濟與金融市場之影響，各國政府已採行相關財政與貨幣政策等紓困措施，各
300	2020-05-26 17:35	趨緩，瑞士開始逐步解封，頂級製錶品牌愛彼於品牌發源地、瑞士汝拉山谷?
301	2020-05-26 17:26	中國衝擊全球貿易，新加坡政府決定推出第輪紓困法案，價值億美元，以應對帶來的經濟影響。據《》報導，新
302	2020-05-26 17:21	產業化發展，擴大市場規模，以提高農民收益，創造台灣農業的新價值。請見，，。
303	2020-05-26 17:18	在紓困之列。這名多歲的屏東青年，大學畢業後就到電子大廠從事第一線的工作，不料發生後公司的訂單大量減少，公司先讓員工休無薪假，接著就直接資遣員工，他在該公司服務長達，因此領到一筆
304	2020-05-26 17:14	台東縣長饒慶鈴今天說明之後的台東新旅遊，籲飯店業者不要降價，要走高端市場，勿低價競爭！縣議員李數奼今天質詢時肯定縣府在觀光業者
305	2020-05-26 17:06	進入後半場，遠距辦公雖然已成不少企業常態，但真的要完全取代實體辦公室，恐還需要一段期間適應，不過在台灣帶領微軟亞洲
306	2020-05-26 17:02	持續在俄羅斯蔓延，該國今日通報新增確診人，另有人在過去小時內死亡，此也刷新了俄羅斯單日死亡人數最高紀錄。根據《
307	2020-05-26 17:00	美國遭肆虐，多數民眾生活陷入困境，不過善心人士紛紛伸出援手，成為民生寒冬期的一股暖流，騎士中鋒卓蒙德
308	2020-05-26 16:58	月正式歇業，由於景聖樓擁有日月潭第一排的絕佳湖景，加上住房走中價位，應能撐過這波，不料卻走上歇業一途，令外界相當錯愕；潭區飯店同業則是分析，景聖樓雖
309	2020-05-26 16:54	日月潭風景區，位於湖景第一排的文武廟景聖樓飯店，本月初驚傳受影響，決定休館，資遣旗下員工，並於正式歇業，逾老字號飯
310	2020-05-26 16:47	網路名句中見端倪；今年底，台大醫院及台灣事實查核中心曾闢謠關於台大醫師團契及相關網路謠言，豈料近日，不肖人士將同樣的謠言，改冠以台大醫院教授施富金
311	2020-05-26 16:44	在歐洲逐漸趨緩，各國陸續解封，德國預計將在中旬解除個歐洲國家的旅遊警示，並計畫從起放寬社交距離規定，比原定計畫提前
312	2020-05-26 16:39	重創全球，觀光客來不了，台北觀景台瞄準國旅市場，自至期間，國人在每天上午點至下午點登上觀景台
313	2020-05-26 16:34	日本首相安倍晉三宣布，解除東京等最後個都道縣的緊急狀態，同時強調確實是由中國擴散到全世界，引發中國外交部不滿，痛批堅決反對將病毒來源問
314	2020-05-26 16:34	生組織宣布暫時中止以羥氯奎寧作為治療藥物的臨床試驗，我國中央流行指揮中心表示，原本國內在第四版臨床處
315	2020-05-26 16:32	我國雖已連續天本土零確診，解除隔離人數也達人，但面對傳染力高且途徑多元的新冠病毒，仍不可小覷。林口長庚紀念醫院兒童一般
316	2020-05-26 16:25	疫苗研發又傳出好消息，美國馬里蘭州生技公司諾瓦瓦克斯表示，該公司利用奈米顆粒技術研發的武肺疫苗，已經展開
317	2020-05-26 16:24	位在新北市鶯歌區永猷公司是這次的口罩國家隊之一，為了替社區防災、防疫努力，今天和鶯歌區公所簽署企業防災合作備忘錄。這次防疫中，
318	2020-05-26 16:23	市場調查公司今日公佈數據顯示，受影響，今年首季全球智慧型手機出貨量僅為億支，較去年首季下滑
319	2020-05-26 16:22	中央流行指揮中心今天公布海軍敦睦艦隊磐石艦的群聚感染事件，從第例不明感染源在發病後，一路經歷波傳染到中旬下船，指
320	2020-05-26 16:16	是提供資金明細即可貸款，林崇傑表示，這部分會再向台南市政府詢問。請見，，。
321	2020-05-26 16:15	高雄市潘姓男子間在流行當頭，轉傳通訊軟體外國人捷運吐口水不實貼圖，製造恐慌，使社會大眾不安，橋頭地檢署予以緩起
322	2020-05-26 16:03	海軍敦睦艦隊磐石艦群聚感染事件結案，確定有波感染，且第名感染者至今找不出感染源；中央流行指揮中心專家小組召集人張上淳說，經病毒
323	2020-05-26 15:57	儀式，特別轉身摘掉口罩致詞感謝高雄勞工，也呼籲企業主更重視勞工健康，市府人士透露，這是以來，韓國瑜首次脫掉口罩於公開場合致詞。韓國瑜原戴口罩上台，特地轉身
324	2020-05-26 15:56	中央流行指揮中心今日下午召開記者會說明，敦睦艦隊磐石軍艦官兵罹患案已結案，由於國防部日前由軍政副部長張哲平上將籌組調查小組，並透過面訪方
325	2020-05-26 15:51	儘管衝擊全球，無損金融股王上海商銀第一季的獲利表現。上海銀第一季稅後淨利歸屬母公司業主億元、年增%，
326	2020-05-26 15:48	業績受香港反送中抗爭和衝擊的香港國泰航空，傳出可能合併國泰港龍
327	2020-05-26 15:48	，但開放寺廟進行人左右的區域性遶境，對於參加人員較可掌握。請見，，。
328	2020-05-26 15:30	有破損現象，希望早日完成規劃完成，並加速工程發包，如期如質完工，以優質的休憩環境，迎接趨緩後的旅遊人潮。縣長饒慶鈴強調，蘭嶼鄉以其獨特的自然景觀吸引遊客
329	2020-05-26 15:25	受到趨緩，基隆市長林右昌今天表示，將與桃園市合作，共推和平安心遊、作伙來基桃雙城旅遊。林右昌表示，除了桃園市，基隆市正在與其
330	2020-05-26 15:22	必須要慎重，至於鄰近亞洲國家的開放部分，也會再進行大方向的討論。請見，，。
331	2020-05-26 15:19	，這場鬥爭的最終結局將會是雙輸。《》報導，艾利森，美中經濟皆受到的肆虐，雙方領導人川普及習近平正致力控制住國內。但他警告，
332	2020-05-26 15:18	席捲全球，台灣防疫成績深受肯定，宜蘭縣家民宿業者，提供近間房間招待防疫人員住宿，藉此表達誠摰謝意。活
333	2020-05-26 15:16	紅十字會今日公開一封信件，呼籲停止在期間對醫療保健、醫學研究機構的網路攻擊，多名政治、商業人士也連署響應。《路透》報導，
334	2020-05-26 15:14	場熱氣球光雕音樂會，都將接力在大坡池登場，歡迎全國鄉親結伴同歡。請見，，。
335	2020-05-26 15:11	肆虐全球，坊間抗病毒偏方也從沒停過，國內社群最常流傳的抗疫偏方是茶、鹽水、大蒜、韭菜等；而隨著風土民情不同，國外的偏方則有吃素、避
336	2020-05-26 15:06	社會脫節，強調現金是民眾小額消費最常使用的，衛生局也表示目前北市查無因現金交易導致感染的案件，批評柯市府閉門造車、不懂市民日常生活。王世堅質詢時秀出其助理到健康中心購買口罩情形，他，市府
337	2020-05-26 15:04	登山步道，特愛走人煙稀少的獸徑探險。據了解，歲李姓遊覽車司機家住淡水，年初因為爆發肺炎，生意大受影響，為了貼補家用，到大屯山系採箭筍後，就失聯，家屬心急如焚，晚間起正式通報
338	2020-05-26 15:02	、日本人配偶和留學等居留資格者原則上也列入拒絕入境對象。請見，，。
339	2020-05-26 15:02	台灣稍歇，已多日無本土及確診案例，進入後時代，澎湖縣政府旅遊處為搶攻這波觀光商機，推出壓箱寶、年底才揭開神秘面紗的銅牆鐵壁
340	2020-05-26 15:01	日本的緩和，讓日本職棒決定復賽、閉門開打，最少打場。日媒《日刊體育》預測支球團的開幕戰先發陣容中，火腿隊
341	2020-05-26 14:56	台北流行音樂中心北基地表演廳預定今年正式營運，不過開幕受影響，北流將規劃梅花座的開幕，讓觀眾可以保持社交距離。台北流行音樂
342	2020-05-26 14:52	為遏止擴散，南韓政府先前實施居家令，令線上影音串流平台受益。南韓數據分析公司今日公佈數據顯示，訂閱
343	2020-05-26 14:49	亞太經合會明將針對召開虛擬特別會議。外交部今表示，我方將在會中分享台灣模式防疫經驗
344	2020-05-26 14:46	、公平交易等法規做把關，因此相關行為或哄抬物價都是不被允許。請見，，。
345	2020-05-26 14:44	受外界關注、由富士軟片子公司開發的法匹拉韋做為的用藥。但該計畫現傳出現變數，有日本官員透露，日本政府已放棄在本月底前，批准做為
346	2020-05-26 14:44	肆虐全球，國際間對中國觀感轉趨負面，針對亞裔面孔的歧視現象也逐漸浮現。美國有線電視新聞網台裔記者娜塔莎陳
347	2020-05-26 14:41	逐漸趨緩，台灣已連無本土案例，日本東京每日確診人數也降至個位數，不過，受影響而改變的工作、生活型態可能將延續，國泰
348	2020-05-26 14:38	為了守住零確診成果，鹿港慶端陽龍舟賽將鎖小規模舉辦，登場的龍王祭將一切從簡，龍舟踩街也將減為艘，明天起一連天將首
349	2020-05-26 14:37	永豐金控今天下午舉行法說會。受到影響，永豐金表示，今年第一季稅後盈餘億元，較去年同期衰退％，不過，在銀行、證
350	2020-05-26 14:25	艦比起來相對較低，研判是船艦上有戴口罩，因此讓感染率低很多。請見，，。
351	2020-05-26 14:23	組織，檢方聲請法官，在判刑之外，宣告執行結束後，強制工作。請見，，。
352	2020-05-26 14:21	家庭未來將和其他人擁有相同的權利。本月曾有多名保守派議員試圖提出一項動議，以等問題為由，議員並沒有足夠時間審查，欲將裁決再推遲個月，但最終未獲得
353	2020-05-26 14:16	國內今日仍無新增，指揮官陳時中表示，國外嚴峻，但國內已連續天本土零確診，解除隔離已達人。陳時中，今日在行政院
354	2020-05-26 14:13	海軍磐石艦隊群聚感染事件共名確診、名極可能病例；中央流行指揮中心今天公布磐石艦調查，確認有波人傳人，且確定
355	2020-05-26 14:12	延燒，南韓目前累計例確診、人死亡。為了防止大流行，南韓政府先前表示，針對違反居家隔離者，將祭出最重徒刑或最高
356	2020-05-26 14:09	兩年一次的台灣國際工具機展預計今年中於台中登場，但受衝擊，廠商對於是否如期舉辦各有意見，工具機公會今召開推動小組會
357	2020-05-26 14:00	推升數位金融使用量，國泰世華銀行擁有超過萬數位用戶，在中，首季數位交易量大幅上升，包括行動銀行登入次數，為去年同期
358	2020-05-26 13:59	全球趨緩，各國都在思考解封策略，台大公衛學院今提解封指數，透過確診、康復與致死率等判斷，當指數低於應可解封邊境管制等，
359	2020-05-26 13:47	因應造成各產業衝擊，中央推振興券初步定案為每人支付元換元，桃園市表示配合中央政策，桃園市府將加碼元電子抵用券
360	2020-05-26 13:46	肆虐全球，全台聞色變。陸姓男子竟在上造謠行政院全台縣市明起強制放假兩個星期，被警方依違反社會秩序法究辦。基隆地
361	2020-05-26 13:45	重創全球航空業，繼拉丁美洲第大航空公司哥倫比亞航空控股公司聲請破產後，拉丁美洲最大航空公司
362	2020-05-26 13:43	物為生的中低收入戶、身心障礙或弱勢家庭優先錄取，協助環境整潔、清潔隊資源回收工作，因應，起每位資收大軍的補助從每月元加碼到元。環保局
363	2020-05-26 13:43	業典禮，在做好防疫措施下，也歡迎家長到學校分享孩子的榮耀與喜悅。請見，，。
364	2020-05-26 13:41	在全球大流行，多國實施防疫居家禁足令，似乎讓中國字節跳動的影音平台抖音成為最大贏家。數據公
365	2020-05-26 13:40	市府與議員們一同努力，讓市民朋友生活盡快回到正軌、共創幸福高雄。請見，，。
366	2020-05-26 13:35	美中關係持續緊繃，隨著疫苗出現進展，雙方口水戰亦不停歇，繼美國國家安全顧問歐布萊恩
367	2020-05-26 13:31	揮中心發言人莊人祥說，確定本週六、日要到台南，但行程還未確定。請見，，。
368	2020-05-26 13:19	已逾千人，離開利比亞的人數有所上升，但搜救、救援能力卻急遽下降。綜合外媒報導，由於影響，利比亞在就關閉機場，並限制邊境的人口流動，但本月仍有超過千人試
369	2020-05-26 13:11	有生產履歷，民眾帶回家吃得安心，也可捐贈廟方救助弱勢需要的民眾，一舉多得。此外，影響農產品出口，大安區農會特別向外埔區青農購買文心蘭，響應農委會以花代
370	2020-05-26 13:07	因應國內趨緩，行政院今日召開防疫措施解禁會議，商討各方面活動的鬆綁時機；行政院長蘇貞昌在聽取各部會意見後強調，原則就是邊境風險嚴管，國內鬆綁。若能順利度過第個
371	2020-05-26 13:00	流行指揮中心指揮官陳時中昨宣布，口罩解禁預計起實施。另外，國內昨日仍無新增病例，已經連續天本土零確診。目前國內累計例確診，人解
372	2020-05-26 12:53	全球逾萬人感染，台中市立中港高中為了替在醫療第一線默默付出的白衣戰士加油打氣，發起送愛給醫護人員活動，學生寫下感謝醫護人員的
373	2020-05-26 12:43	為紓緩所造成衝擊，南市交通局針對公有委外停車場經營業者祭出紓困措施，減收今年至經營權利金，協助業者度難關，至於後續將視再
374	2020-05-26 12:41	趨緩，一再+，不少大廠啟求才，為後時代拚經濟儲備能量，世界級封測大廠矽品精密工業去年以億元加碼投資台中，擴建中部
375	2020-05-26 12:20	國內趨緩，中央流行指揮中心擬從起改採定額徵收口罩，餘量開放廠商自由買賣，消息傳出，國內老牌醫療口罩大廠中衛公司詢問電話
376	2020-05-26 12:09	俄羅斯嚴峻，滯俄名國人與名俄籍配偶搭乘日航班機撤離，預計在今天傍晚返抵國門。外交部今對俄羅斯及日本相關單位及日本航空提供的各
377	2020-05-26 12:08	省很多時間。日本政府發言人、官房長官菅義偉在今天的例行記者會中也對於此事表示，這是期間，日本、台灣、俄羅斯合作的一個好例子。他表示，這架包機主要是為了
378	2020-05-26 12:06	仍需進一步討論後，也會參考與居民意見，確定後會統一公布。請見，，。
379	2020-05-26 12:05	中南美洲漸成中心，巴西確診數更是一舉竄至全球第二多，達萬件。巴西總統波索納洛因輕忽遭外界
380	2020-05-26 12:01	受到衝擊，全國舞廳酒店停業，隨著嘉玲持續報到，台中市宣布有條件讓台中酒店與舞廳解封；台中市經發局統計，截至中午，全市家
381	2020-05-26 12:00	儘管不少企業因打亂了營運步調，但中華開發文教基金會的教育工程並未停歇，技藝職能獎學金持續徵件，藉此培育青年學子獲得一技之
382	2020-05-26 11:57	是老人的運動，而是年輕人。我一直在訓練，即便現在沒有比賽，我仍努力保持鍛鍊。因影響全球，也打亂柯隆今年的計畫，他原本要在打墨西哥聯盟，但比賽
383	2020-05-26 11:55	衝擊，苗栗家扶中心民生物資募集量銳減，弱勢家庭生計也大受影響，經媒體報導後，群聯電子股份有限公司號召員工捐善款，短短天就集資萬，
384	2020-05-26 11:54	協議，同意在今年至期間，每日減產萬桶原油，以支撐因而暴跌的油價。諾瓦克表示，到目前為止，全球的石油生產商每日已將全球石油產量減少萬至
385	2020-05-26 11:46	行及團體旅遊提供補助，鼓勵民眾出遊，因此決定取消國旅抵用券發放。請見，，。
386	2020-05-26 11:45	被陰了真棒！衛福部借用台東縣部病毒檢驗儀器，分別建置在台東馬偕及衛福部台東醫院，經完成儀器建置、人員教育訓練，正式啟
387	2020-05-26 11:45	強化訂房資訊安全，利用電子商務應用服務技術共同為防疫盡一份心力。請見，，。
388	2020-05-26 11:35	受到影響，香港國際機場也自暫停轉機；今日，香港特首林鄭月娥受訪，有鑑於趨緩，因此防疫工作將進入張弛有度的階段，
389	2020-05-26 11:28	趨緩，日本政府昨宣布全境解除緊急事態宣言，也宣布經濟活動將逐步重啟，預計每週確認感染情況並放寬限制，起允許跨都道府縣的觀
390	2020-05-26 11:23	之外，更邀請州長到訪台南，他要招待州長吃碗台南最負盛名的芒果冰，盼望能早日結束，讓雙方交流恢復熱絡。黃偉哲於信中向州長說
391	2020-05-26 11:21	政府為防堵擴散，加強查察有無哄抬防疫物資等情況；台北市大安區電子菸業者顧承家，被檢舉囤積個口罩，被依違反傳染病防治法送辦，
392	2020-05-26 11:18	對中國經濟造成巨大衝擊，中國商務部長鍾山在中國兩會部長通道上表示，穩住外貿外資基本盤事關重大，最主要是穩住外貿主體，擴
393	2020-05-26 11:14	延燒全球，台灣防疫滴水不漏，世界各國有目共睹，台東自爆發至今確診，好山好水好空氣，加上台灣趨緩，個多月無本土個案，池上
394	2020-05-26 11:14	她就可以規劃帶他去哪裡，每一個都很好，怎麼吃，怎麼玩都好玩！請見，，。
395	2020-05-26 11:12	在全球大流行，對剛畢業的大學生來說無疑是噩夢，調查顯示，美國、英國至少有%的應屆畢業生求職受到影響，這波影響甚至可能會波及到明
396	2020-05-26 11:05	備用方案的考量，最差的狀況就是要用市府自己的人力，投入協助。請見，，。
397	2020-05-26 10:56	影響全球，美洲狀況現最為嚴峻，除美國及巴西，墨西哥境內也相當緊張；據週一公布的最新一份數據分析，今年前五個月，墨西哥首都的死
398	2020-05-26 10:48	生醫療工作者面臨薪資、人力資源不足問題，過去一年來爆發多次罷工，要求政府提高基本薪資，爆發以來，法國安養院嚴重，安養院醫護也在加入示威行動，呼籲政府
399	2020-05-26 10:42	肆虐全球之際，與日方交流密切的財團法人台南市台日文化友好交流基金會感到憂心，自主發起各地捐贈行動，共籌措到件防護衣、
400	2020-05-26 10:41	對全球貿易造成極大衝擊，荷蘭經濟政策分析局的世界貿易監測數據顯示，今年
401	2020-05-26 10:40	擴散全球，中華徵信所調查發現，國內家公開發行公司，前總營收較衰退％，大產業中有
402	2020-05-26 10:33	市場對疫苗研發的樂觀期待，帶動美股大期指在週二亞洲交易時段同步上漲逾%，道瓊期指大漲點。財經媒體報導，
403	2020-05-26 10:24	受到大流行影響，紐約證券交易所自今年底暫時關閉其知名交易大廳。在歷經個月的時間，紐交所交易大廳將
404	2020-05-26 10:16	作業與部署，也必須了整個戰機中隊該如何在航艦上運作，並在海上進行日常任務運行。由於未停歇，中隊在訓練時也採取隔離防疫措施，接受病毒檢測後結果呈現
405	2020-05-26 10:16	周邊連接安南區、北區的高灘地範圍，比較容易聚集和疏散，相較之下是較可行的地方；目前國內也已連續多天確診，舉辦適當的活動可提升經濟，盼最後確認的場地選
406	2020-05-26 10:08	台中市校園再解封！考量趨緩，台中市長盧秀燕今日再宣布鬆綁措施，台中市多所高中以下學校自起，開放下午點後放學時段讓市
407	2020-05-26 10:06	自爆發，全球市場投資人信心被嚇壞，導致股市先前出現一波拋售潮。但美國投資管理公司景順投信首席全球市場策略
408	2020-05-26 09:59	受到重創，中國經濟面臨代以來最嚴重萎縮，北京宣布放棄設定年度成長目標。英國媒體分析，這是自
409	2020-05-26 09:54	由於肆虐，口罩成了最主要的個人防護之一，我國在就規定沒戴口罩不得搭捷運、公車、台鐵、高鐵等大眾運輸工具，而韓國至今
410	2020-05-26 09:51	重擊新加坡經濟，新加坡貿工部在今日第度下調新加坡國內生產毛額成長預期，將預估區間下修為萎縮%至
411	2020-05-26 09:38	影響持續，美國境內稍現緩解，而南美洲現成重區；巴西境內狀況尤為嚴重，現已成為累計確診病例數第二名的國家，僅次於美國，據巴
412	2020-05-26 09:33	打噴嚏、流鼻水、鼻塞不見得是感冒，南投市歲的劉姓粉領族，自從發生後，工作場所需要整天戴著口罩時，便飽受鼻水共共流的困擾，致
413	2020-05-26 09:28	肆虐，部分歐美國家雖趨緩，但全球累計確診人數持續增長，目前全球累計確診已突破萬，死亡則是逾萬人。美國死亡逾萬
414	2020-05-26 09:26	因應趨緩，新竹縣政府表示，終身教育學習課程陸續復課，所社區大學原課程自暫停至，將於復課，並將春季班課程
415	2020-05-26 08:56	億元虧損擴大約一成。聯合創始人、董事長兼首席執行官王興表示，集團首季度業績因新冠肺炎及各地防疫措施而受到重大挑戰，而由開始的星期，美團平台上的交易數量已經恢復至新冠肺炎流行前
416	2020-05-26 08:53	逐漸緩和，不過，社團法人高雄市慈善團體聯合總會協助弱勢家庭、清寒學子防疫所需，物資缺口由台虹科技員工組成高雄市虹心兒少關懷協會補齊
417	2020-05-26 08:51	隨著趨緩，英國首相強森宣佈將放寬封鎖措施，下月起將允許非必需商店重新開放。英國《天空新
418	2020-05-26 08:50	中國嚴重，許多工廠受影響被迫停工，不少台商受到衝擊，但近日有消息傳出，深圳松維電子總經理魏嘉政在中國意外身亡，有魏嘉政友人
419	2020-05-26 08:45	巴西境內不斷擴散，確診病例數已來到全球第二，美國白宮宣布對巴西的旅遊禁令將在生效，而白宮週一宣布將禁令生效時間提前至
420	2020-05-26 08:24	切合法，並坦承許多人或許不會同意，但對做過的事情不感到後悔。請見，，。
421	2020-05-26 08:00	新冠肺炎導致許多經濟活動陷入停擺，但是危機中也隱含許多市場商機，在企業端，遠程辦公帶動遠距會議需求躍增，在消費端，各國防疫居家限制令帶動宅經濟商機，網路購物及數位支付交
422	2020-05-26 07:58	強烈反應，將會自我打臉，有失國際信譽，因此美中關係會越來越糟。另外，針對國際要求對處理進行獨立調查，馮崇義認為，國際社會要求追查的對象不僅是中國對於疫
423	2020-05-26 07:37	肆虐全球，各國採取不同防疫策略，其中瑞典是少數堅持不採用強制封鎖、被質疑有意選擇群體免疫策略的國家，不過該國染疫的死亡率已飆破
424	2020-05-26 07:36	仍在蔓延中，世界衛生組織擔心，目前非洲還未經歷最嚴重的階段，若非洲各國領導人不對國內進行優先檢測，將面
425	2020-05-26 07:19	趨緩，振興券昨初步定案為每人支付元換元振興券，不排富，但會讓中低收入戶及弱勢族群免費取得。桃園市議員王
426	2020-05-26 07:04	在全球仍未停歇，荷蘭衛生部門週一，境內出現水貂傳染給人類的病例，這項案例也十分少見。根據《路透》報導，荷
427	2020-05-26 06:58	日本首相安倍晉三宣布，解除東京等最後個都道縣的緊急狀態，另外也對來源進行表態，他稱病毒確實是從中國擴散到世界。綜合媒體報導，安倍晉三
428	2020-05-26 06:54	世界羽聯巡迴賽因肆虐全球停擺，世界球后戴資穎生涯遇到來自世界各國的名將中，其中交手超過次，僅名選手讓小戴屈居下風
429	2020-05-26 06:51	距離美國總統大選不到半年，在美國民情因對中好感度下降的趨勢下，民主黨、共和黨皆打出中國牌。美總統川普最新的一波推特發文中
430	2020-05-26 06:48	今年大聯盟的選秀會受影響，改由美國時間與兩天舉行，本屆選秀會上不乏許多大物選手如前三順位的大熱門托克森
431	2020-05-26 06:16	肆虐全球，此前日本宣布緊急事態宣言，呼籲民眾待在家中減少外出，名男
432	2020-05-26 06:13	肆虐全球，世界各國近日持續向中國究責，並不滿世衛組織嚴重偏袒中
433	2020-05-26 06:01	在英國醫學期刊刺胳針刊出研究報告指稱，對感染患者施用羥氯奎寧和氯奎寧
434	2020-05-26	在美國逐漸趨緩，也計畫在復賽。眾所矚目的籃球名人堂儀式仍預計照原定時間在進行，但聯盟仍超前部署，在和訂定兩個延期方案。
435	2020-05-26	也預計停辦。交流賽明星賽將取消原訂開打的日職，受影響，進行到一半的公辦熱身賽被迫中止，甚至還傳出阪神虎藤浪晉太郎位現役球員確診。經過兩個月的等待，日本
436	2020-05-26	法的議題，納入下個月舉行的七大工業國集團高峰會議程。彭定康，在全球努力對抗之際，中國卻致力撕毀保障港人一國兩制生活的中英聯合聲明；英國可以相信中國人民，例如勇敢揭露的吹
437	2020-05-26	做攻擊時，國際間經常只是口頭譴責，卻不會實際做出懲戒。紐時，北京趁全球忙於對抗而自身難保時，做出一連串彰顯經濟、外交、軍事實力之舉，包括上月初在越南海域撞沉越南漁船；
438	2020-05-26	三次會議上週將港版國安法排入議程，對香港業已脆弱的自治及公民自由，乃毀滅性的一擊。此次期間，北京已顯露其流氓國家的真面目，而過去一年，港人已站在最前線對抗中國。港人衷心希望，國際社會不會屈服
439	2020-05-26	記者陳建志／台中報導引發民眾就醫恐慌，台中一名歲半的黃小妹妹，原本個月前就需接種日本腦炎疫苗，因無法戴口罩，家人擔心染疫，遲未帶她接種疫苗
440	2020-05-26	億美元，其中台股就達億美元，幾乎成為外資提款機。投信業者，儘管高峰已過，但短期內不會根絕，後市仍看好汽車及防疫類股的表現。過去
441	2020-05-26	中最大功臣是位於台灣的軟硬體研發中心。董事長朱家良表示，爆發以來，遠距教學需求大增，而也因研發中心在台灣，
442	2020-05-26	受到影響，車市拉警報，但豪華車市場抗疫性佳，豪華車品牌各自使出渾身解數祭出全新車款、限量車款，甚至降價衝業績，對抗風暴。
443	2020-05-26	由於連六年虧損，加上受衝擊，在美國那斯達克交易所上市的中國途牛旅遊網，股價已連續三十個交易日低於一美元。該公司日前公告，已收到那斯
444	2020-05-26	根據彭博報導，重創全球汽車業的，對正在大力削減成本以求生存的雷諾、日產及三菱汽車而言，可能成為他們繼續尋求結盟的轉折點；三家車商預
445	2020-05-26	經濟合作暨發展組織，預料將使其成員國新增至少十七兆美元的額外公共債務，成員國政府今年平均負債規模，將從金融海嘯時期的占ＧＤＰ比重一○九
446	2020-05-26	薪假通報以來的歷史新高，但先前重災區的住宿及餐飲業，家數和人數有微幅下滑。受到影響，無薪假實施事業單位家數、人數持續增加，短短一週間，較上期截至
447	2020-05-26	這個週日，舉世最關注的國際新聞，除了，當屬香港人為反對港版《國家安全法》而上街抗爭。中國上週四宣布，這一港版《國安法》將逕自納入香港《基本法》，立法過程北京說了算，由人大拍板，不經香港立法會
448	2020-05-26	格把關並向主管機關核備。教處因取消參加教育處長邱廷岳表示，今年受影響，已直接取消參加此活動，未來要參加會向教育部申請同意才成行。徐耀昌則認為，此事已牽涉反滲透法
449	2020-05-26	推出住宿優惠專案、觀日下午茶及多項露天觀日服務，邀大家到嘉市吃美食賞美景。隨著趨緩，昨天嘉市旅館商業同業公會理事長李素珍帶領十五家旅宿業者齊聚嘉楠風華酒店舉辦記者會，大力宣傳因天文而
450	2020-05-26	雲林縣確診住院個案最後一位於上週六解除隔離出院，衛生局長曾春美昨表示，縣內六名確診個案均已康復出院，感謝醫護人員努力與辛勞。奧
451	2020-05-26	表示，確實有很多信徒反映希望解禁，將向中央請示是不是能解禁。信眾反映盼取消管制趨緩，到北港朝天宮參拜的信眾人數回溫，人潮人已恢復到平時的七、八成，但廟方仍維持入廟管制措施，需量體溫、
452	2020-05-26	國內逐漸穩定，新北市政府規劃信心經濟振興方案，預計六月舉辦露天汽車電影院，並補助商圈辦行銷活動，配合中央振興抵用券推出
453	2020-05-26	自己在中國武漢華南蔬果市場，並稱來這邊帶點好料的回去和大家分享，成了全台首名因散播不實訊息被起訴者。桃園地院日前審結，依違反傳染病防治法散播有關傳染病
454	2020-05-26	其中保障身障者四十個名額。陳怡汶表示，往年工讀時間均為七月一日至八月卅一日，今年受影響，工讀時間為七月廿日至八月卅一日，七月份可領薪資九二一三元、八月
455	2020-05-26	工程將演藝廳的座椅及音響全數更新，並採用國家戲劇院等級的座椅及舞台懸吊系統，邀請民眾在趨緩後，重新走進劇場、音樂廳，享受更優質的藝文饗宴。鄭文燦說，展
456	2020-05-26	因應，中央流行指揮中心四月九日宣布全國酒店、舞廳等有女陪侍店家停止營業，桃園市共有一百五十家業者受影響。隨著趨緩，市長鄭文
457	2020-05-26	桃園市長鄭文燦昨天主持市府防疫專案會議時宣布，趨緩，各級學校的畢業典禮、畢業旅行都可以正常舉辦，原定取消畢業旅行的各校，也能重新規
458	2020-05-26	數不減反增，農會認為除了配合春茶產期調整報名、繳茶時間，製茶期間天氣配合，品質更佳，且衝擊民生消費，也有茶農盼透過茶賽加持增加銷售，多重因素讓報名十分熱絡。
459	2020-05-26	受到影響，宜蘭國際童玩藝術節今年停辦，縣府文化局規畫替代活動，昨在縣議會首度公開活動名稱宜蘭童玩星光樂園，主推夜間活動，有水舞
460	2020-05-26	趨緩，台北市副市長黃珊珊昨宣布第三波解封原則，六月一日起，只要符合維持社交距離，若沒有就戴口罩、室內活動實名制、不共餐
461	2020-05-26	后里月眉觀光糖廠受影響，攤商業績直直落，最高時期每月有六、七百輛遊覽載客前來消費，上月僅剩十八輛，國營事業紓困只降租金百分之廿，經
462	2020-05-26	的中央書局，沉寂廿一年後，去年十一月千呼萬喚下試營運，半年來吸引逾三萬人到訪，即使衝擊期間，月平均人數仍吸引四千人，已成文青熱門走訪地點，近日中央書局
463	2020-05-26	中後，各界對於該項投資案能否成真均極期待，市府團隊一年來與對方不斷磋商、提供服務，雖有衝擊，但日方沒有打退堂鼓，讓這項高達一五○億元的投資案拍板定案，助台
464	2020-05-26	因應，國中教育會考增訂要求考生應考須戴口罩規定，違規者該科不計分；卻有兩名考生故意把口罩拉至下巴等同沒戴，全國試務會昨日決議，一人
465	2020-05-26	中國未歇，近期在福建省、山東省又出現禽流感傳人病例。我國衛福部疾管署宣布，先前已將福建省列為新型Ａ型流感旅遊建議第二級
466	2020-05-26	因應，衛福部自五月六日擴大急難紓困申請方案，已撥款二十八億給地方政府，昨再撥款六億。衛福部統計，累計全國已受理二十八萬件申請案，已
467	2020-05-26	東京等最後五個都道縣的緊急狀態，全國長逾一個半月的緊急狀態全數解除。安倍表示，全國新增感染病例少於五十人，住院治療人數也從高峰的一萬多人降至兩千人以下，日本以
468	2020-05-26	國內昨無新增病例，已連續四十三天本土零確診，而確診患者僅剩十九人住院隔離治療中，居家隔離人數也歸零。中央流行指揮中心昨宣布
469	2020-05-26	侵襲全球，嚴重衝擊電影產業，不僅大片陸續撤檔，不少大型活動也延期或停辦，包括坎城影展、紐約翠貝卡影展等都接連宣布取消，明年奧斯卡金像獎也考慮順延、個月舉辦。
470	2020-05-26	大流行，旅遊計畫全泡湯？時尚設計師似乎看見人們想飛的心，最新-紛紛以知名景點為設計主題，為這款必備單品注入旅行活力，並
471	2020-05-26	為主題，將生動搖曳的花卉印花營造出歡慶氛圍，對當下正努力從衝擊後，努力恢復生活常軌的世界來說，特別有意義。
472	2020-05-26 00:39	影響全球，我國組成國家隊生產大量口罩，並展開防疫合作，捐贈口罩到其他國家。外交部發臉書寫道，目前已捐贈逾百萬片口罩到美國，各
473	2020-05-26 00:30	持續蔓延，世衛成員國近日在世界衛生大會上，以共識通過由澳洲政府修訂的提案，將對病毒起源進行獨立調查；對此，英媒報導，澳
474	2020-05-26 00:15	禍延全球，中國政府持續對外甩鍋，試圖推卸爆發的責任，其戰狼式外交也逐漸激怒世界各國；對此，美國國務卿龐皮歐
475	2020-05-26 00:12	俄羅斯的未見趨緩，外媒《》披露一段錄音顯示，莫斯科附近的利佩茨克州州長要求下屬修改該地區的相關
476	2020-05-25 23:59	影響全球，菲律賓達義市一間高中在全國封鎖令下，讓個機器人扮演名畢業生，舉辦一場極為奇特的畢業典禮，以防範
477	2020-05-25 23:51	重創全球，盧安達近期啟用聯合國捐贈的防疫機器人，進行病患體溫測量、狀態監控及醫療紀錄更新等，希望藉此維持對的控制，並保護前線醫衛
478	2020-05-25 23:51	丹麥今日針對德國及其他北歐國家放寬邊界限制，允許因封鎖而分隔兩地的伴侶見面，但前提是他們必須出示信物，證明彼此有超過個月的
479	2020-05-25 23:40	也非常少，並強調自己的證據被法院忽略，對他的起訴帶有偏見。審理法院在開庭時，以為由不公開阻止記者與美方使館人員參加，而惠蘭的辯護律師雖稱此案是羅織
480	2020-05-25 23:22	的盤子，昨天部長陳時中臨走前也特別簽名留念，現在成為最新招牌吸客。請見，，。
481	2020-05-25 22:55	考驗各國防疫應變能力，隨著指揮中心的防疫措施，也讓各行各業訓練出快速應變的創意。兩廳院與首場試辦開放名現場觀眾
482	2020-05-25 22:47	日本趨緩，日本政府預計下旬開始施行能刺激旅遊業及餐飲業來客需求的一系列支持方案，包括提供優惠券，希望幫助恢復來客人潮。根據日
483	2020-05-25 22:33	影響全球，日本今宣布全境解除緊急事態宣言，各地將分階段放寬防疫限制，不過同時卻有許多小型診所面臨倒閉危機，原因在於許多病患
484	2020-05-25 22:13	衝擊，中國在今年的兩會中罕見不提增長目標，但這不代表中國對今年經濟展望毫無構想，《路透》訪問的金融專家，在分析兩會報
485	2020-05-25 22:01	對中國經濟造成重大傷害，不止企業將持續把供應鏈分散出中國，該國也首次放棄設定年度成長目標，在中國經濟放緩的背景下，墨西哥
486	2020-05-25 21:59	牆旁的時鐘，還有陳時中簽時鐘籤詩中諧音，預料將成廟內爭睹熱點。請見，，。
487	2020-05-25 21:43	全球肆虐，口罩成為各國必備商品，但中國出口的口罩品質參差不齊、價格哄抬，引發各界對於中國製口罩的疑慮。對此，中國商務部長鍾山回應，有些
488	2020-05-25 21:36	人降至人以下，日本僅以個半月控制住，展現了日本模式的實力。日本的至截稿為止，今天新增人確診，全國感染人數萬人，新增人死
489	2020-05-25 21:31	受到影響，印度自起實施全國封鎖措施，除了讓大批移工工面臨失業問題，鐵路和地鐵關閉讓移工的處境雪上加霜，不少人只能選擇徒步或
490	2020-05-25 21:30	重創全球，哈薩克阿拉木圖一處健行勝地也因封鎖，近期當地動保團體以相機捕捉到罕見的野生雪豹家族蹤跡，至少有隻公雪豹和
491	2020-05-25 21:27	歐洲足壇五大聯賽先前一度因肆虐而停賽，英國研究調查顯示，停賽前最後一役，即歐冠聯賽利物浦主場對馬德里競技之戰，全場多
492	2020-05-25 21:14	的中國旅遊網站途牛旅遊網過去曾名噪一時，但是近年來虧損嚴重，且公司營運狀況也不佳，更是嚴重打擊，現在因連續個交易日股價低於美元，而被那斯達克發函提醒
493	2020-05-25 21:05	持續延燒，病毒的來源至今未解，武漢病毒研究所所長王延軼首度露面，稱病毒來自武漢病毒所的說法完全是無中生有；對此，澳洲頂尖學
494	2020-05-25 21:03	隨趨緩，澳洲人口最稠密城市雪梨所在的新南威爾斯州今重新開放學校，學童將回到校園繼續上課，家長能夠重新回到公司上班。但澳洲政
495	2020-05-25 21:02	世界巡迴賽受影響，世界羽球聯盟自初全英公開賽後即宣布全面停賽，依日前所公布下半季世界巡迴賽賽程計
496	2020-05-25 20:49	高度墜下，剛好沒有掉在安全墊上，導致頭骨當場碎裂，送醫宣告不治。綜合外媒報導，因為影響，維德拉開始與馬戲團團員一直滯留在西班牙北部小鎮貝薩因
497	2020-05-25 20:44	源起中國的不斷蔓延，加上非洲裔人士此前在中國廣州被歧視，引發外交風波，非洲反華情緒高漲之際，東非國家尚比亞首都盧薩卡爆發
498	2020-05-25 20:43	金門縣金城鎮公所今天表示，針對趨緩，準備在晚間時至時舉行境陣頭踩街及民俗表演，要把今年農曆浯島迎城隍活動
499	2020-05-25 20:42	政府針對，推出擴大急難紓困方案，桃園市長鄭文燦表示，市府團隊持續秉持從速、從寬、從簡原則進行急難紓困申請審核，截至今日下午
500	2020-05-25 20:40	波加特在推特上發表了關於未來動態的聲明，這位歲的老將暫時不會做出任何決定，由於目前肆虐全球，讓他很難做出決定，得靜待後續發展再確認自己的籃球生涯
501	2020-05-25 20:14	乘這架包機，他們將在上午抵達成田機場，並於下午時分抵達桃園機場。俄國因持續升溫，國際航班仍處停飛狀態，我國滯留俄國的學生和民眾希望能搭包機返台
502	2020-05-25 20:10	爆發後，戴口罩成為眾人生活日常，宜蘭縣岳明國小教師李公元，在臉書成立戴口罩的自畫像，為病毒時代留下圖像見證社團，個月來已有國
503	2020-05-25 20:08	職業網壇飽受肆虐而全面停擺，澳洲壞小子基里奧斯自從恢復黄金單身漢身份後，閒來無事居然上網自爆，
504	2020-05-25 20:05	不讓卡關求職就業，台中市勞工局、與中興大學合作，領先全國開辦視訊就業博覽會，吸引千人次投遞履歷，初步媒合率近成，為
505	2020-05-25 19:46	結束營業長達，去年重新出發，試營運眾所矚目，開放半年來吸引萬人到訪，即使衝擊期間，平均每個月仍吸引千人，已成文青熱門走訪地點，受影響中
506	2020-05-25 19:38	捷預計在週後向北市府提出紓困，紓困的大方向是減少%的租金。請見，，。
507	2020-05-25 19:30	和附近的堪薩斯城動物園合作，在防疫期間不開放人們參觀的狀況下，安排三隻企鵝進入美術館進行藝術鑑賞之旅
508	2020-05-25 19:29	嚴重打擊全球經濟，原因除了經濟封鎖以外，還有供應鏈出狀況、影響供給面等，因此近來產業鏈去中，也就是撤出中國的說法甚囂塵上；不過
509	2020-05-25 19:25	南韓首爾梨泰院夜店爆發群聚感染，截至已有例確診，且自本月確診首例以來，目前已出現第代感染者。根據《韓聯社》報導
510	2020-05-25 19:22	遜、臉書等美國跨國科技巨頭預計將成為課稅對象，而雖然全球數位稅計畫目前暫時擱置中，但在衝擊歐洲經濟下，有專家認為，出於歐盟正尋求新收入以應對危機，該集
511	2020-05-25 18:46	肆虐，在香港交易所上市的中國康希諾生物因疫苗消息激勵，股價一度飆升%，成為港交所最熱門的股票，但在最近個交易日內，康希
512	2020-05-25 18:44	開防疫記者會，再帶著台南的土產返回台北，預估至少會走訪個景點。請見，，。
513	2020-05-25 18:30	爆發之初曾在國內外造成衛生紙之亂，有國外網友覺得這個現象太荒謬，於是他決定在居家隔離期間大秀庫存，甚至用許多的捲筒衛生紙做出一個複雜的自
514	2020-05-25 18:25	美國總統川普的中國顧問群長期意見分歧，一派主張強硬立場，一派提倡謹慎交往，但在陰霾之下，兩派看法似乎日漸趨近，都認為應採取更強硬的作風面對北京。路透社報導，川普顧問群
515	2020-05-25 18:14	日本北海道知名的夕張哈密瓜，今日進行本季首次拍賣會，但受到影響，價格暴跌到只剩去年的分之，僅萬日圓約新台幣萬
516	2020-05-25 18:14	多單位也與中國交流，盼苗縣府要嚴格把關並向主管機關核備。教育處長邱廷岳表示，今年受影響，已直接取消參加此活動，未來要參加會向教育部申請同意才成行。
517	2020-05-25 18:10	對餐飲業影響持續升高。經濟部今公布批發、零售及餐飲業營業額統計，餐飲業上月已創下有統計以來新低，則因防疫升級續慘，再
518	2020-05-25 18:00	中國的未歇，但近期在福建省、山東省又出現流感病例，我國衛福部疾管署宣布，由於先前已將福建省列為新型型流感旅遊建議第二
519	2020-05-25 17:47	因停擺的賽季近日頻傳好消息，聯盟日前宣布與奧蘭多迪士尼的合作案已進入最後階段，球季有望於在迪士尼複合式體育中心重啟
520	2020-05-25 17:42	因應肺炎帶來的影響，勞動部規劃勞工紓困貸款萬元方案，第利息由勞動部補貼，釋出總名額數萬個，根據勞動部截至今天下午點統
521	2020-05-25 17:38	%、%，協會認為，蔡總統就職演說提出的兩岸主張，符合多數民眾期待。另由於緣故，我國在今年初已對中國民眾來台進行管制，此民調亦詢問民眾恢復兩岸交流
522	2020-05-25 17:37	台北市政府因設有防疫旅館，提供居家檢疫者入住，不過近來有返國網友在申請入住防疫旅館時，被電話服務人員一直轉來轉去，而且還有通話時間限制
523	2020-05-25 17:36	席捲全球，但台因控制得當獲轉單，工業生產竟能長期免疫。經濟部今天公布工業生產年增%，已連續個月正成長。
524	2020-05-25 17:30	五月天每年和香港歌迷都有五月之約，此次因為影響，原先申請香港紅館檔期早取消，不過五月天所屬相信音樂，則公布最新開唱日期，表
525	2020-05-25 17:29	出觀日下午茶、住宿優惠專案及多項露天觀日服務，邀大家到嘉市吃美食賞美景。受到衝擊，旅宿業者營運急凍，隨著趨緩，嘉義市旅館商業同業公會理事長李
526	2020-05-25 17:18	隨著在日本國內逐漸趨緩，今日本宣佈解除都縣與北海道的緊急狀態候，日本已全境取消緊急狀態，因此日職確定將在以閉門方式
527	2020-05-25 17:12	機也記得要設開機密碼，以免丟了手機後讓自己的網路世界全部淪陷。蕭新晟說，釣魚連結像一樣，若自己收到了而且帳號被盜，釣魚連結可能也會傳給親朋好友和同事。在這
528	2020-05-25 17:12	引發民眾恐慌，台中一名歲半的黃小妹，原本個月前就需接種日本腦炎疫苗，因無法戴口罩家人擔心染疫，遲未帶她接種疫苗。小兒科醫
529	2020-05-25 17:09	勢力干預的結果，這種說法難以讓中國以外的人信服。赫海威又分析中美關係本就因貿易戰、等議題劍拔弩張，北京新一輪對香港的打壓勢必令雙方關係更緊張。他預期隨着香港問題升溫，中國政府、官媒對美國
530	2020-05-25 17:05	樑。但如今事實正好相反，香港已成為兩種愈來愈對立的制度難以共存的象徵。在中國處理失當而重創全球經濟，正面臨天安門事件以來最龐大的反中壓力，且台灣又因防疫成功廣受國際讚譽之
531	2020-05-25 17:00	是工資而駁回。李中今日表示，政府宣示要從寬認定，面對申請案就該落實。李中表示，受到影響，起，許多廟會活動紛紛延期或取消，陣頭團隊因此無法演出，從事
532	2020-05-25 16:52	舔共藝人黃安因為躲在台灣，但對中國輸誠行徑從未減少，他在台灣某餐廳吃飯，看見外面小黑板寫上，立刻氣炸把字擦
533	2020-05-25 16:49	能真在台中投資，讓投資額落腳台中均極期待，市府團隊來與對方不斷磋商、提供服務，雖有來襲，對方沒有打退堂鼓，更拍板定案，這項億元的投資案最快今年
534	2020-05-25 16:49	導致全球超過萬人染疫、萬人死亡，歐洲理事會今日警告，病毒傳播全球，未來恐怖份子恐
535	2020-05-25 16:48	受到影響，宜蘭國際童玩藝術節今年停辦，縣府文化局規畫轉型，今天在縣議會首度公開活動名稱，將以宜蘭童玩星光樂園，作為之下的觀光替
536	2020-05-25 16:41	緣政治代價，因為國際間雖經常譴責北京蠻橫，卻不會實際做出懲戒。紐時，在全球受到劇烈衝擊而自身難保時，北京大肆挑起紛爭。例如，中國海警在越南附近爭議海域
537	2020-05-25 16:38	人體免疫力低下，就容易造成病菌入侵，尤其現在身處的非常時刻；據美國萊斯大學於刊登於《神經科學新聞》研究，壓力、孤單和睡
538	2020-05-25 16:25	因應，衛福部日前祭出急難紓困方案，今日在中央流行指揮中心記者會上，指揮官陳時中公布，今日下午會再撥款億元給縣市政府，其中，以
539	2020-05-25 16:17	中國日前發表疫苗人體臨床試驗結果，但是參與試驗者出現副作用，美國專家對此研究也抱持懷疑；台灣中央流行指揮中心專家諮詢小組召集
540	2020-05-25 16:17	國內趨緩，加上韓國發現確診患者二次採檢陰性出院後不會再有傳染給其他人的疑慮，因此今日媒體詢問國內是否可能將出院標準由三採陰調整為二
541	2020-05-25 16:15	南韓汽車製造商協會今日發佈報告，隨著遏止的限制措施逐步放寬，截至中旬，在全球個主要汽車生產國中，超過
542	2020-05-25 16:14	每桶暫報美元，與上週五相比不升不降，顯示自下旬以來因原油減產，以及趨緩等所造就的油價漲勢已經停滯，《彭博》報導，這是由於美中關係緊
543	2020-05-25 16:09	地租為企業營運的一大開銷，而在重創美國經濟活動下，美國咖啡巨頭星巴克也開始要求租金減免，但有多位房東
544	2020-05-25 16:09	繼中職和韓職之後，亞洲第個開打的職棒賽事。日本職棒原訂就要開打，但因影響，進行到一半的公辦熱身賽被迫中止，期間甚至還有現役球員確診的消
545	2020-05-25 16:01	大流行，旅遊計畫全泡湯？高端潮流品牌似乎看見人們想飛的心，最新-以義大利知名景點為設計主題，為這款必備單
546	2020-05-25 16:01	為端午節，台北市政府也將於、辦台北端午龍舟錦標賽，但受影響，台北市副市長黃珊珊宣布，今年取消嘉年華活動、龍舟體驗營等，僅針對特
547	2020-05-25 15:50	舔共藝人黃安因為關係，躲在台灣已久，近來他錄製影片，狂嗑台灣臭豆腐，不過卻有中國網友好奇問說你回台灣會被人打嗎？黃安也以字回
548	2020-05-25 15:50	、出版、推廣。一、我們的歌台灣人的歌我們的共同記憶上旬，在歐洲一發不可收拾，義大利因情況嚴峻而封城。，在網路上，各地瘋傳義大利民眾在陽台上高歌的影像
549	2020-05-25 15:41	紐西蘭女總理阿爾登帶領民眾擊退，出色表現使她成為紐西蘭一個世紀以來最受歡迎的總理，今日又傳出佳話。今
550	2020-05-25 15:31	療，配合本來醫療團隊進來會診，直接在負壓隔離病房補足需要的照顧。請見，，。
551	2020-05-25 15:30	前提下，他認為應該可以進行，所以教育部做相關規劃我們都予以支持。請見，，。
552	2020-05-25 15:28	找阿中部長幫拚觀光經濟！中央流行指揮中心在國內傳出以來，昨日首度走出台北市到墾丁辦記者會，更幫地方拚觀光經濟，廣獲迴響，不
553	2020-05-25 15:26	動，站在民主政黨的立場，鼓勵民眾行使公民權，讓台灣落實責任政治。請見，，。
554	2020-05-25 15:21	百斯特有限公司在出現後，見民眾對酒精需求增大，認為有機可趁，涉嫌把藥用酒精價格哄抬至至倍之多，獲利約萬餘元，新北地檢署今依違反
555	2020-05-25 15:11	在生技、醫療，但跟過去比較不一樣的是，防疫類股裡面，口罩族群是比較弱的，因為大家知道，新冠肺炎最終解決的方案，還是要回到疫苗上，因此市場比較期待的是相關疫苗跟檢測類股，這部份維持強勢。整體來看，因
556	2020-05-25 15:07	台灣的趨緩，新竹市府也恢復城市外交活動，其中新加坡的星國駐台北商務辦事處代表葉偉傑今天拜會市長林智堅，雙方就科技產業與防疫工作彼此
557	2020-05-25 15:05	量，只要廠商釋出，民眾就可以多買。至於具體作法正由指揮中心規劃。請見，，。
558	2020-05-25 15:04	電影更自由了。他也感謝公視投入合製和法國的後期支援。今年台北電影節受到影響，原訂於影展期間邀請的海外影人與評審將全數取消邀請。國際新導演競賽因無海外影人出席，實體頒獎典禮也將
559	2020-05-25 15:03	全球航空業受到嚴重打擊，在各國旅遊禁令下航班銳減乘客驟降，但阿拉斯加泰德·史蒂文斯安克拉治國際機場
560	2020-05-25 15:03	又要防疫又要宣傳，好累哦~雖然高興在心底，卻又擔心部長太累了。請見，，。
561	2020-05-25 15:01	國取消發布全年目標等因素下跌，瑞銀投資銀行中國策略主管劉鳴鏑對此表示，出於企業在下，業績在第季難以復甦，因此即使沒有港版國安法消息，中、港股市
562	2020-05-25 14:59	，力挺防疫工作，幫我們做很多事情，非常謝謝他，也直言不能少了他。請見，，。
563	2020-05-25 14:54	肆虐全球，據衛生福利部疾病管制署官網最新公告，感染冠狀病毒以呼吸道症狀為主，部分個案恐出現嚴重肺炎與呼吸衰竭等狀況。但
564	2020-05-25 14:48	隨著台灣的趨緩，多數民眾也恢復正常生活，新竹科學園區管理局委外的永樂整合行銷公司起開放園區內的竹科游泳池，同時為感謝醫護人員
565	2020-05-25 14:45	制進行試辦，依結果及風險條件持續調整相關防疫措施，即可逐步放寬。請見，，。
566	2020-05-25 14:30	月以來，已在台賣超億美元，排名第的南韓僅遭賣超億美元。投信業者，儘管高峰已過，但短期間內不會根絕，後市仍看好汽車類股及防疫類股的表現。
567	2020-05-25 14:28	廉價格一圓創業夢，也為傳統市場注入年輕活力，他允諾將加強行銷。經發局，因遇到，創業風險影響青年意願，截至今年，青年招商計畫有攤位簽約，預期下半年趨緩，市府將加
568	2020-05-25 14:27	今年參加奧捷團旅遊感染婦女住院天後，前天康復解除隔離，雲林縣例確診住院病例全數康復出院，衛生局長曾春美今天感謝醫護人員努力，
569	2020-05-25 14:21	星也，過去跟前院長林全、賴清德等都談過，本來也已打算想要找蘇院長談，但今年以來，後來又適逢，現在稍微趨緩，因此接下來一定有機會找蘇院長談，時間大概會在、。立法院教
570	2020-05-25 14:21	仍只聞樓梯響，義聯旗下飯店優惠專案意涵不言可喻。請見，，。
571	2020-05-25 14:19	中央流行指揮中心今日表示，國內仍無新增，已經連續天本土零確診，累計例確診，人解除隔離，尚有人住院治療中。此外，
572	2020-05-25 14:16	交距離，出入畢典會場要量體溫、採實名制掌控人流及環境清潔消毒。請見，，。
573	2020-05-25 14:14	森林大火，延燒數個月後，直到今年才全數撲滅，皇家自然災害委員會在聽證會開始時，大流行減緩了森林大火的恢復速度，更中斷對未來野火季的計畫。澳洲氣象局
574	2020-05-25 14:13	好好規劃，並不是像一些人想像，開放後，跟安全、環境不一定有衝突。請見，，。
575	2020-05-25 14:12	俄羅斯的嚴重，已有超過萬確診病例，俄羅斯國防部公佈逾名人員染病，其中有近名現役官兵。根據《塔斯社》報導，俄羅
576	2020-05-25 14:11	肆虐全球，衝擊全球體育產業，目前雖然逐漸趨緩，不過預計將在美國時間登場的籃球名人堂儀式，籌委會仍先超前佈
577	2020-05-25 14:01	相關管制措施，但中央規定要尊重，他會向中央請示，是不是可以解禁。請見，，。
578	2020-05-25 13:55	在的影響下，海地巫毒教已培訓好祭司以神秘療法治療確診患者，並將空出各處巫毒廟的聖房做為隔離所。據《路透》報導，法國殖民海地時期，
579	2020-05-25 13:50	勢身分而生計困難者從單次請領改為可按月重複請領，每案最多以個月為上限；在嚴重特殊傳染性肺炎防治及紓困振興特別條例中增訂緊急租金補貼規定，及時支持陷入居住困難的民眾。民進黨立委吳玉琴坦言，這次
580	2020-05-25 13:35	張麗善表示，雲林縣的各項資源相對不足，但縣府從未減少對雲林子弟的支持與關懷，在今年寒假防疫之初，縣府即率先全國發放全縣公私立幼兒園及縣立高中以下學校口罩及防疫
581	2020-05-25 13:34	受到影響，澎湖縣議會第屆第次定期大會今日召開，由於防疫規定及中央法令更改，全程禁止旁聽，並採直播方式讓民眾了解，與會官員及議
582	2020-05-25 13:26	蝴蝶蘭、國蘭、文心蘭及洋桔梗等，獲得日本、韓國、澳洲、歐美等國青睞銷售年年創佳績，受到影響，面臨滯銷困境，縣府與農糧署積極推動振興計畫。農業處，縣府跟
583	2020-05-25 13:18	受衝擊，連帶影響弱勢家庭的幼兒教育資源，財團法人信誼基金會和寶僑家品股份有限公司響應新北市好日子愛心大平台實物銀行，今天共同捐
584	2020-05-25 13:14	夠，金錢不是重點，重點是如何幫助民眾紓困，希望大家一起努力。請見，，。
585	2020-05-25 13:04	得到充分的休息，行銷地方，部長和團隊更能好好遊山玩水，一舉兩得。請見，，。
586	2020-05-25 13:00	緻，教師團體則呼籲，可深入追蹤名考生未來是否有合適學校可就讀，評估升學權益影響。影響下，今年國中會考新增規定，要求考生全程配戴口罩，但新北市名考生把口
587	2020-05-25 13:00	國內趨緩，中央流行指揮中心昨日再度宣布零確診，已連續天、滿六週沒有本土案例。台灣截至目前累計例確診，分別為
588	2020-05-25 12:59	台中市后里月眉觀光糖廠受，攤商業績直直落，最高時期每月有、輛遊覽載客前來消費，上月僅剩輛，國營事業紓困只降租金
589	2020-05-25 12:54	寧雙星組合，比賽在雨中順利落幕，募得超過兩千萬美元捐給相關組織。本次比賽為公益性質，參與球星除了打小白球也狂噴垃圾話，
590	2020-05-25 12:53	誇張！美國佛州礁島群因應設置檢查站，規定只有居民才能進入，歲男子薩迪納斯
591	2020-05-25 12:53	儘管體壇飽受衝擊，台灣防疫有成讓等賽事順利登場，完全制霸的國泰女籃不敗勁旅，今將挑戰跨季連勝，
592	2020-05-25 12:36	侵襲全球，衝擊電影產業，不僅電影檔期紛紛撤退，不少大型活動也延期或停辦，包括坎城影展、紐約翠貝卡影展等都宣布暫緩取消，明年奧斯卡金
593	2020-05-25 12:34	次活動公益起標價為新台幣元，結標金額將扣除稅額全數捐贈予臺中市政府衛生局用於新冠肺炎防疫使用，象迷熱烈響應公益，首波義賣的球員實戰球衣包括陳文杰、王威晨、廖乙忠、米蘭達、吳東融、陳柏豪、吳俊
594	2020-05-25 12:25	肆虐全球，隨著義大利逐漸緩和，威尼斯影展將如期於初舉行。《路透社》報導，
595	2020-05-25 12:19	在各國逐漸趨緩的情況下，各大聯賽也開始計劃重啟賽事。根據《法新社》報導，西甲聯賽主席迪巴斯週日
596	2020-05-25 12:18	大流行，重創全球運輸物流業。外媒報導，為因應帶來的衝擊，全球物流巨頭德迅擬大規模裁員，估計
597	2020-05-25 12:18	巴西已淪全球第二大疫區，根據衛生部今日報告，已累計境內共萬人確診、萬人死亡，但總統波索納洛
598	2020-05-25 12:12	日公布減班休息最新影響事業單位家數和實施人數。根據通報彙整資料，由於影響，截至為止，共計有家事業單位、人實
599	2020-05-25 11:51	、的民調，當時因森友學園、加計學園醜聞纏身，安倍支持率僅%。針對政府應對，有%的人選擇不評價，其中的民眾對內閣的支持率僅%。在政府應
600	2020-05-25 11:37	新北沒有討論酒家跟舞場解封，希望業者能夠確保社交距離再來談解封。請見，，。
601	2020-05-25 11:35	台灣趨緩，衛生福利部食品藥物管理署為兼顧防疫與民眾生活品質，鼓勵餐飲業者一同響應樂活防疫．安心飲食運動，並製作自我管控宣
602	2020-05-25 11:29	國內逐漸穩定，新北市政府規劃信心經濟振興方案，預計舉辦露天汽車電影院，並於商圈舉辦行銷活動，盼促進消費。經濟發展局長何
603	2020-05-25 11:28	重擊全球航空業，南太平洋航空​​公司斐濟航空今日宣佈，將永久性裁員%人力，其餘員工永久性減薪成
604	2020-05-25 11:27	市場傳出，研擬中的振興券付元，給元方式，且不排富，再加上國內相對趨緩，至今連續個月無本土新增案例紀錄，國內旅遊市場蠢蠢欲動，觀
605	2020-05-25 11:25	巴西急飆升，已成全球第二大疫區，僅次於美國。總統波索納洛的防疫政策荒腔走板，巴西最高法院法官狄麥洛
606	2020-05-25 11:25	台灣因應對優秀，中職不但起就可率先開賽，也是首個可開放觀眾進場的職棒聯盟，引起國際關注。而率先開打不但讓全球有球看
607	2020-05-25 11:14	由。日本政府也將發布新的基本應對方針，逐步放寬活動舉辦和人員移動的限制。日本的至昨天為止，感染人數萬人，死亡人，目前仍在就醫或療養者
608	2020-05-25 11:00	網路上，販售與涼感衣相同材質製作的口罩。《日經中文網》報導，早前日本大流行，導致該國境內個人防護用具需求激增。儘管近日日本
609	2020-05-25 10:58	港地位改變，即停用該條例，取消對香港人的特殊待遇。中華民國國際關係學會今天舉辦後新冠肺炎時代的國際政經新格局座談會。黃介正評論未來國際局勢時，也特別提及香港情勢。黃介正直言，香港從反送中抗爭爆發
610	2020-05-25 10:57	趨緩，台北市副市長黃珊珊今開記者會宣布第三波解封原則，起，只要符合三原則，維持社交距離，若沒有就戴口罩、室內活動實名
611	2020-05-25 10:56	國內相對趨緩，至今連續個月無本土新增案例紀錄，國內旅遊市場復甦指日可待。為此雄獅旅遊針對國內親子市場推出親子寶貝同樂會
612	2020-05-25 10:43	台灣連續天無本土病例，但防疫工作仍不可鬆懈；宜蘭地方企業及廟宇為守護警察執勤安全，今致贈一批防疫物資，讓員警巡邏、查訪居家檢疫個案
613	2020-05-25 10:39	英媒近日披露，在爆發後，英國首相強森改變態度，擬大幅縮減華為在英國網路基礎建設的參與程度，讓華為的相關參與在前
614	2020-05-25 10:37	肆虐，部分歐美國家雖趨緩，但全球累計確診人數持續增長，目前全球累計確診已突破萬，死亡則是逾萬人。美國死亡逾萬
615	2020-05-25 10:36	家主席習近平習政權的立場，並稱其為開放社會的敵人。彭定康認為，在全世界忙於對抗的同時，習近平撕毀了《中英聯合聲明》。彭定康也與英國前外相芮夫金
616	2020-05-25 10:32	國的領土，中共武力犯台，只能說侵略，沒資格談統一。台灣因為堅定的反共立場，這次平安躲過的肆虐，政府領導人民，打了一場勝利的防疫作戰。中共如果連病毒都無法嚴格防範，傳染開來也不顧人民性命，無法做好
617	2020-05-25 10:29	的票券，只要能夠振興新北市的經濟，都是好的作為，市府會思考評估。請見，，。
618	2020-05-25 10:28	註人在中國武漢華南蔬果市場，並稱來這邊帶點好料的回去和大家分享，成了台灣首例因散播不實訊息被起訴的案例，桃園地院法官日前審結依違反傳染病防治法散播有關傳染病流行之不實訊息罪，判罰他
619	2020-05-25 10:26	趨緩，高雄市觀光局號召全市超過家觀光旅宿飯店，今天晚間點到點，一起將旅館房間的燈光全部打開，象徵高市旅館齊
620	2020-05-25 10:20	暑假就會恢復往年榮景，相當感謝防疫五月天南下墾丁拉抬國旅市場。請見，，。
621	2020-05-25 10:19	桃園市長鄭文燦上午主持市府防疫專案會議時宣布，趨緩，各級學校的畢業典禮、畢業旅行都可以正常舉辦，原定取消的各校，也能重新規劃，讓學
622	2020-05-25 10:12	奧地利歲總統范德貝倫，在封鎖令規定的餐館關門時間後，仍於露天用餐區待到半夜，被警方發現後他已為此
623	2020-05-25 10:05	隨著趨緩，新北市從今天起實施第二階段第四梯次解封措施，畢業典禮、畢業旅行可舉辦，並開放室內人以下藝文場館。新北市長侯友宜表示
624	2020-05-25 09:59	今年因，國中教育會考新增戴口罩規定，違規者該科不計分，卻有名考生故意不配合，把口罩拉
625	2020-05-25 09:47	確診病例在墨西哥不斷攀升，至今墨西哥已有例確診病例、例死亡病例。墨西哥總統歐布拉多
626	2020-05-25 09:47	未解，美國總統川普相信，職業棒球和美式足球賽事都能在今年復辦，但對於擔任開球嘉賓則興致缺缺。
627	2020-05-25 09:47	名備案人選，但也坦言可能挖不了。韓媒《中央日報》今天撰文，目前洋投市場因為的關係都停滯了，很多國家沒打比賽，就算來了也要隔離週，目前台灣也有開打，因此提出名中職可挖角人選，悍將洋
628	2020-05-25 09:45	因應，中央流行指揮中心宣布全國酒店、舞廳等有女陪侍店家停止營業，桃園市共家業者受影響，桃園市長鄭文燦上午宣布，趨
629	2020-05-25 09:41	資深藝人曹西平憂心肆虐全球，今日上午，他高喊肺炎並沒有離開，請大家不要鬆懈了。曹西平說，國外還是很嚴重
630	2020-05-25 09:39	在巴西躍升為全球第二大嚴重疫區後，美國總統川普宣布天內去過巴西者不得入境。據《》報導，該禁令旨在防堵的傳播
631	2020-05-25 09:19	在美國持續蔓延中，美國經濟也因此受到重創，而在經濟不景氣的狀況下，美國年輕人選擇從軍的意願也隨之增加，美國陸軍也打算對此在夏季大規模
632	2020-05-25 08:55	推動藥品、半導體等涉及國安產業在美國製造，還擬設基金鼓勵美企供應鏈撤中、回流美國；全球還未結束，美中經濟對抗已從關稅、科技到金融資本等七大領域全面升溫
633	2020-05-25 08:31	受到衝擊，世界羽球巡迴賽賽事因此停擺，世界羽聯總會日前公布最新版賽程，個月內將進行站巡迴賽，賽事誇張密
634	2020-05-25 08:29	肆虐全球，但有外媒觀察，許多國家領袖的支持率卻不降反升，甚至比以往還高出許多。紐約時報報導，在全球大
635	2020-05-25 08:26	約州內的職業運動隊伍，從今天開始可重啟訓練營，對此美媒各有不同見解。紐約州是美國頭號重地，但紐約州長古莫相當支持重啟州內職業運動運作，認為各方面效
636	2020-05-25 08:06	月天威力，能延續到暑假旺季，也都感謝陳時中部長為墾丁業配。請見，，。
637	2020-05-25 08:00	隨著病毒持續擴散，新冠肺炎已成為最大的黑天鵝，但病毒衝擊終究是短暫的，對全球產業的影響卻是深遠的改變。在過後，未來科技趨勢將如何轉變？又有哪些產業將趁勢崛起？在抗疫防病的同時，臺灣也
638	2020-05-25 07:45	受影響，各國經濟遭重挫，有美國白宮經濟顧問，估計份失業率可能超過%，之後雖會下降，但時失業率仍會維持兩位
639	2020-05-25 07:45	在全球持續蔓延中，美國國家安全顧問歐布萊恩接受節目訪談時，將中國處理的狀況和蘇聯在時處
640	2020-05-25 07:25	職業網壇因肆虐全面停擺中，希臘人氣新星西西帕斯雖然無球可打，正好發揮文青本質，熱愛旅行
641	2020-05-25 07:19	東京奧運因肆虐延期至，連帶衝擊下屆奧運主辦城市巴黎準備工作，甚至法國當地都屢傳不滿的公投聲浪，可能包括延期、改變舉辦
642	2020-05-25 07:14	大聯盟受停擺，不少球星慷慨解囊、有力出力，今年轉隊至小熊隊的後援投手傑佛瑞斯，親自開著餐車，就為了給防疫人員一頓美食佳餚。
643	2020-05-25 07:12	持續肆虐全球，雖然中國公布確診病例大幅下降，但依照過去隱匿病情的經驗，許多國家都不相信此數據。然而，一心向著祖國的劉樂妍，再度
644	2020-05-25	因應，衛冕軍國民隊原本昨天安排線上頒發冠軍戒指，但球團在詢問過球員意願後，決定取消線上頒獎儀式；國民隊球員還是希望待趨緩，在滿場球迷見證下，將隊史首冠的戒指牢牢戴
645	2020-05-25	日本職棒力抗，目標中復賽，今天日職將開會討論開幕相關事宜，也將討論比賽限時的議題。為了避免比賽時間
646	2020-05-25	受影響，停擺逾個月的世界羽聯巡迴賽力求復賽，日前公布至賽程，其中至於台北小巨蛋登場的超級系
647	2020-05-25	店，訓練設備與生活機能也應有盡有，園區僅須搭乘接駁車就能往返，且人流管制容易，加上佛州已逐漸趨緩，成為擊敗拉斯維加斯夏季場館雀屏中選的主因。奧蘭多之王魏少搶第一復賽場地雖然不是在奧
648	2020-05-25	受到影響，停賽已超過個月，近期陸續傳出好消息。聯盟日前已宣布，將在展開訓練營、重啟賽事。昨發言人巴斯進
649	2020-05-25	報導，如今英國的一個研究團隊希望狗的靈敏嗅覺能幫助偵測冠狀病毒病。
650	2020-05-25	就會派員赴港。法媒戰狼外交誤判國際情緒不過，在中國處理失當而重創全球經濟，正面臨一九八九年天安門事件以來最龐大的反中壓力，且台灣又因防疫成功廣受國際讚譽之
651	2020-05-25	來說，中國本身的經濟下行問題如何妥善因應處理，比較是大家格外注意的焦點，特別是在受到的衝擊過後，不料習近平一不做二不休，踩足油門，要兌現去年十月中共四中全會有關香港國安法的決議，讓人多少
652	2020-05-25	產毛額，預料今年經濟成長率將由預測的%下修至%到%。另外，受衝擊，景氣燈號掉入黃藍燈後，預期燈號將續停留在黃藍燈。
653	2020-05-25	■翁毓傑全球新冠肺炎出現和緩，歐洲各國陸續解封、復工。美國則視各州情況不同，趨緩的地區漸漸解禁。以加州為例，全加州郡中，已經有郡符合放寬新冠肺炎封鎖令標準。州長也說，
654	2020-05-25	逐漸拋開及經濟衰退恐懼。台股雖受到美中貿易戰再起影響，但在守住月線後，更受惠美股因新冠肺炎疫苗試驗利多，及各州重啟經濟活動，加上行情驅動，帶動台股站回年線突破,點關卡。此外，美聯準會
655	2020-05-25	不到貴州茅台的車尾燈。好公司股價受委屈買進好機會今年新冠肺炎挾著高傳染性席捲全球，油價又受到供給端搶奪市占導致崩跌，敏感的金融市場驚如寒蟬，美股創下歷史上最多次的熔斷紀
656	2020-05-25	記者楊雅民／專題報導將改變消費生活，自行車等戶外運動隨著趨緩將轉趨活絡，預期第季經銷商將回補庫存，帶動巨大、美利達、
657	2020-05-25	精力放在發展金融科技。他，台灣有科技優勢，有啟動金融科技創新能力，而新金融也在此次新冠肺炎顯示必要性，新金融已伴隨新科技而起。希望金管會透過國際合作，加強監理科技能力，更有信心帶動金融科技發展，
658	2020-05-25	記者楊雅民／專題報導今年在全球蔓延，台股暴跌，老牌輪胎廠泰豐股價在最低重挫至元。未料南港輪胎在隔天即
659	2020-05-25	記者陳永吉／專題報導今年資本市場關心的議題，除了的影響外，經營權之爭也博得許多版面，主要是因導致台股大跌逾千點，許多個股股價紛紛暴跌，讓
660	2020-05-25	編譯楊芙宜／專題報導正逆轉過去二十多年來全球化浪潮，未來在５Ｇ、物聯網及ＡＩ等新世代科技發展上，可能裂解為美中兩大科技系統陣營，有如
661	2020-05-25	推動藥品、半導體等涉及國安產業在美國製造，還擬設基金鼓勵美企供應鏈撤中、回流美國；全球還未結束，美中經濟對抗已從關稅、科技到金融資本等七大領域全面升溫
662	2020-05-25	網開道口端，協助偵測有無其他機關受駭，落實資安聯防。外交部昨表示，自蔓延以來，境外敵對勢力網軍試圖駭侵的行為變本加厲，主要手法是透過擬真的惡意社交工程郵件進行攻擊，所幸外交
663	2020-05-25	正向緊密，但若壯大後是為牟取個人或派系利益，除了陷入鬥爭外，勢必連帶耗損政府威信。擴散時，當時全台灣都集中在抗疫，政治休養生息，不分黨派都團結對抗病毒；但當一緩和，民進黨縣市黨部主委
664	2020-05-25	吝於道歉，就像飽穗的稻麥一樣，愈有風骨愈謙卑，更顯現出台灣人的氣質與純樸。這次，由於指揮中心指揮得宜，民眾也相當配合，讓台灣在防疫上打了一個亮麗的成績，我台灣，我驕傲，這是自信，
665	2020-05-25	連日大雨後，昨天天氣放晴，加上趨緩，許多在家悶壞的民眾紛紛外出透氣。市府觀光旅遊局統計轄內景點人流，石門水庫風景區、大溪老
666	2020-05-25	因應，苗栗縣後龍鎮公所調整年度西瓜節盛事，改由鎮長朱秋隆與知名歌手許富凱演出微電影，以溫馨故事行銷在地優質農產，並於六月六日、十三日分別在苗栗市貓裏喵親子公園、頭份市
667	2020-05-25	苗栗縣傳統宗教盛事竹南媽祖聯合遶境五十三庄，因延期，隨著趨緩，竹南鎮長方進興、后厝龍鳳宮、中港慈裕宮昨再向媽祖擲筊請示後，將於國曆十月卅一日至十一月二日復辦，
668	2020-05-25	國內的趨緩，中央流行指揮中心指揮官陳時中南下墾丁示範樂活防疫，媒體昨天詢問新北市長侯友宜，是否邀請陳時中造訪新北，協助行銷觀光？侯友宜表示，只要能促進新北市的
669	2020-05-25	界人士拉開超大禮盒，推廣白河在地特產，也為蓮花季系列活動揭開序幕。黃偉哲表示，漸趨尾聲，感謝地方與來自各地的民眾、遊客，將白河蓮花之美與地方健康農產品分享讓大家知道。黃偉哲說
670	2020-05-25	〕中央流行指揮中心總指揮陳時中率隊南下屏東墾丁，為南台灣的觀光帶入新活力，日前因應強力執行防疫措施的屏東霧台鄉，本週起也放寬檢疫，遊客入山不需要再逐一量體溫。霧台鄉山川景致與部落美食吸引
671	2020-05-25	導致邊境管制，學子留學路困難重重，教育部近日通過第一批九所大學辦理因疫返台就學的銜接專案，中興大學預定六月開始受理轉學，清華大學則
672	2020-05-25	願，希望台灣協助神父的家鄉西西里島防疫物資。後有罹罕病脊髓性肌肉萎縮症的汪雪真，因採驗住進負壓隔離病房，卻遭遇相當的不便，她昨晚在高鐵左營站堵人，陳時中親自收
673	2020-05-25	至台灣時間晚間，全球累計確診病例逾萬起、逾萬起死亡病例，亞洲、歐洲持續回穩，中南美洲成為新的震央。俄羅斯
674	2020-05-25	衝擊國內外，衛福部再提出設置國家防疫基金想法，從防疫需求、傳染病研究、人才培育到智慧醫療與防疫，希望更全面涵蓋且提升效率。事實上，從ＳＡＲＳ開始，政府及產學界就不
675	2020-05-25	國內趨緩，交通部觀光局提前規劃安心旅遊方案，初步規劃自由行每房補助一千元，離島加碼優惠一次。團體旅遊則考量遊覽車座位數
676	2020-05-25	國內昨又是零確診，中央流行指揮中心記者會首次走出台北、南移墾丁，指揮官陳時中強調，台灣
677	2020-05-25	在趨緩之際，故事工廠重新出發，將於今年夏天重啟演出活動，邀請跨世代劇場好手及脫口秀一線紅牌，自至於南海劇場及南村劇場，舉辦南南戲語
678	2020-05-25	記者凌美雪、陳昱勳／專題報導台灣在順時中的社會共識裡，成為全球防衛的模範生。因此，中央流行指揮中心指揮官陳時中上週五同意文化部提出的文化場館藝文
679	2020-05-25	記者賀靜賢／專訪癱瘓全球，每年舉行的坎城影展取消，各國片商只能在線上完成年度買片盛事。台灣防疫有成，是少數仍有電影上映的國家，但獨立片商不像美商可撤檔避難，只能持續發片熬過艱困時
680	2020-05-25 04:27	肆虐全球，白宮國安顧問歐布萊恩今天受訪，將中國對的處理跟蘇聯隱瞞車諾比核電廠事故相提並論，他認為中國隱匿就跟車諾比核災一樣會載入史冊。美國國家
681	2020-05-25 01:51	，美國經濟成長將在第季飆升，但可能無法從冠狀病毒疾病大流行帶來的重創中完全恢復。根據美國勞工部公布的最新統計數據，美國經濟從今年
682	2020-05-25 00:33	，進行全面清潔消毒動作，以維持良好的衛生環境，加強落實防疫工作。請見，，。
683	2020-05-25 00:19	重創美國，確診病例已經突破萬例，而染疫死亡的人數更是逼近萬大關，是目前全世界最嚴重的疫區。而《紐約時報》在的頭版刊登
684	2020-05-24 23:59	，同住該處公寓的名歲婦女表示，早上點前就看見許多警車且非常吵鬧，她憂心表示，因關係學校停課，小孩獨自在家也讓她感到擔心。
685	2020-05-24 23:59	難以注意到違規情形。反對黨也說，選擇此時公布聯邦法修正案讓民眾難以遊行抗議，因為俄國因仍處於管制狀態。目前仍不知道之後全國性修憲公投是否適用這套制度，
686	2020-05-24 23:56	印尼今天開齋節，在壟罩下，雅加達副首長里拉說將考慮懲處今天舉辦集會的清真寺，因為目前還
687	2020-05-24 23:44	連續天本土零確診，許多民眾紛紛走出戶外曬太陽、呼吸新鮮空氣，旅遊平台也推出台南特色體驗，包括熱門台劇《想見你》拍攝
688	2020-05-24 23:28	最少還要投入一年半到兩年。韓國瑜在直播中也說，現在高雄市民面對的分別是看不見的、看不太清楚的登革熱以及看得清楚的豪大雨，強調市府要針對這個
689	2020-05-24 23:25	至，派遣部隊前往美國夏威夷參加環太平洋軍事演習；但因應，決定縮編派遣的兵力，將只派遣艘噸級神盾級驅逐艦與艘
690	2020-05-24 23:22	處，請大家再給他一點時間。韓國瑜進一步提到民眾目前有三個可怕威脅第一是看不見的新冠肺炎、第二是看不清楚的蚊子可能引發的登革熱，第三個就是豪大雨，眼睛看得見，市府會針對這三大威脅，全力做好部屬，最
691	2020-05-24 23:05	政治大局穩定；強調要改革疾病預防控制體系，提升預警和應變能力。受到暴發並蔓延全球影響，今年中國全國兩會從初延後至下旬舉行。新華社報導，習近平今天參加來自發源地
692	2020-05-24 22:13	往來，打壓台灣人民貢獻國際事務的做法，與兩岸和平穩定發展背道而馳。外交部強調，這次國際大流行期間，台灣行有餘力時向嚴重的國家伸出友誼之手，無償且不
693	2020-05-24 21:43	癱瘓全球，每年舉行的坎城影展取消，各國片商只能在線上完成年度買片盛事。台灣防疫有成，是少數仍有電影上映的國家，但獨立片商不像美商可撤檔
694	2020-05-24 21:26	，將在週二開盤；《》報導分析，美股本週走勢可能將被因素左右，分別是治療方面的進展，美國各州重啟經濟的步調，還有分別在週二及週五發
695	2020-05-24 21:11	罕病患者汪雪真罹脊髓性肌肉萎縮症，因採驗住進負壓隔離離病房，卻遭遇狼狽挖便難堪與各種不便，她今夜獨自在高鐵左營站堵人，終於讓
696	2020-05-24 21:02	受到影響，停賽已超過個月，近期陸續傳出好消息。聯盟日前已宣布在展開訓練營、重啟賽事，發言人巴斯進一步證實，
697	2020-05-24 20:42	，訓練設備與生活機能也應有盡有，園區內僅須搭乘接駁車就能往返，且人流管制容易，加上佛州已逐漸趨緩，成為擊敗拉斯維加斯夏季場館，雀屏中選的主因。
698	2020-05-24 20:39	今天表示，預計明天起正式解除東京、神奈川、千葉、埼玉及北海道緊急狀態。日本因應而發布的緊急狀態，原本預計施行至這個月底。綜合外媒報導，日本政府預計
699	2020-05-24 20:33	日本目前的趨緩，截至僅在東京新增例感染患者，日本政府預計在明天與諮詢委員會和相關專家商討是否對最後個還執
700	2020-05-24 20:28	泰國今天沒有新增病例，是本月第度零確診，維持確診案例人、人死亡及人痊癒，該國的疫苗研究也完
701	2020-05-24 20:19	鋒／台南報導連日降雨之後，今天台南放晴，尤其中午烈日當空，溫度飆升，猶如炎夏，加上的趨緩，民眾出門意願高，以芒果冰遠近馳名的玉井老街，人潮湧現，警方
702	2020-05-24 19:58	受到影響，大聯盟今年選秀將從原本的輪縮減成輪，學生球員的職涯規劃大受衝擊，美媒也因此預測，恐怕會有不少選手踏上史都華
703	2020-05-24 19:43	今天天氣放晴，加上仍然是零確診，累計已經天本土零個案，桃園市各主要風景區均出現人潮，中午過後遊客有增無減，市府觀光旅遊局依據桃
704	2020-05-24 19:38	衝擊經濟，裁員狀況遍佈全球，而最新的調查顯示，亞太大金融中心香港及新加坡的對比顯示，香港雇主對於裁員的意願，竟是新加坡的倍，代
705	2020-05-24 19:29	因〈新型冠狀病毒病，-〉停止個月的澎湖義診活動，今日中國醫藥大學上醫會義診團重返澎湖，下午在馬公市烏崁里活動中心舉行義診活動，上午則在家戶拜訪，針對
706	2020-05-24 18:56	民進黨今展開地方黨部主委選舉，但警報仍未解除；國民黨表示，民進黨地方黨部主委的選舉過程，有多位候選人並未遵守防疫規範，不但於公開場
707	2020-05-24 18:51	衝擊經濟，中國進口額較去年同期衰退%，零售業銷售額較去年同期衰退%，雙雙大於預期；不過中國國家發展和改革委員
708	2020-05-24 18:46	政務委員唐鳯善用及大數據推動防疫，在全世界爆紅，台中市政府為因應數位資訊整合發展趨勢，現正規劃研擬台中市數位政策，研考會特地與唐
709	2020-05-24 18:25	今年球季因為影響，球賽從無觀眾逐步進展到目前可以開放名觀眾入場，限制逐漸鬆綁的可能性也越來越高，蘇緯達表示，他也相當
710	2020-05-24 18:02	肆虐，意外助長民眾綠色消費風，台中市環保局鼓勵民眾自備餐具，降低口沫傳播風險，截至今年底，全市已累計約家業者加入環保優惠商
711	2020-05-24 17:54	南韓首爾梨泰院夜店爆發群聚感染，迄今已有例確診，自本月確診首例以來，目前已出現第代感染。《韓聯社》報導，根據南韓中央防疫
712	2020-05-24 17:54	、蘇育德當選全國黨代表；其餘位當選縣黨代表，選來一團和氣，投票率不到成。由於全球仍相當嚴峻，因此中央黨部於選前一週特別發出公告，建議黨員依身分證
713	2020-05-24 17:16	友宜並未正面回應，僅說，只要陳時中部長願意來新北市，都熱誠歡迎。請見，，。
714	2020-05-24 17:01	景點，都全力配合當地的安排，絕對超過一個衛福部長應該付出的。請見，，。
715	2020-05-24 16:51	，去年名女信眾擲出立筊，經廟方擲筊請示王爺公，確認今年將舉辦庚子科五朝王醮。趨緩，萬福宮今天上午在廟埕搭建醮壇，高規格以擲筊方式決定正副主會、主醮、主壇、主普，及三官首、天燈首、黑
716	2020-05-24 16:51	多移工及教徒一早就聚集在台北車站戶外行旅廣場，輪流入場祈禱，作為慶祝開齋月結束。雖因應防疫，現場有嚴謹防疫措施，且今年活動縮小，但移工對於台灣防疫佳還可如常祈
717	2020-05-24 16:42	韓國大流行，韓國政府今年底公佈緊急災害補助金實施方針，將針對該國收入排名全國%以下人口家庭為補助對象，每戶最高可領到
718	2020-05-24 16:42	在升高；而中國人民銀行鄭州中心支行行長徐諾金在接受《路透》訪問時也直言，的爆發，確實阻礙了中國解決金融風險的進程。中國的金融風險，來自
719	2020-05-24 16:39	延燒，網壇全面停賽至底，不過不少名將如喬科維奇、納達爾都已恢
720	2020-05-24 16:19	苗栗縣傳統宗教盛事竹南媽祖聯合遶境五十三庄，受影響延期，隨著趨緩，今竹南鎮長方進興、后厝龍鳳宮、中港慈裕宮再向媽祖擲筊請示後，
721	2020-05-24 16:16	電信產生不良影響，美國將會中斷與澳洲在五眼聯盟的情報共享。自大流行以來，中澳關係越發緊張，澳洲呼籲國際針對病毒起源進行獨立調查，中
722	2020-05-24 16:14	風光上路的新竹到桃園機場的桃機日豪國道客運，沒想到一開放營運，就遇上百年大疫的，不僅出國旅遊人數銳減，更因影響，被迫減班，目前份僅有起、迄站各個班次，業者苦撐下，市民也期盼
723	2020-05-24 16:09	受影響，航空業紛紛停飛，就熱烈討論一名滯台空姐，並出多張她穿著運動內衣爬山的辣照，十分養眼。
724	2020-05-24 15:53	雨水，果不其然都開口笑，一顆顆從中央分成兩半，讓她真的笑不出來。邱玉惠說，受到影響，菜價低迷，好不容易高麗菜要採收了，又遇梅雨攪局，現在除了產量受
725	2020-05-24 15:44	卦。甚至還有網友至今都會問她，何時會領到補助金。也坦白表示，雖然延燒到演藝圈，不少藝人都受到影響，但她年輕時就感受到經濟壓力，因此早有危機意識，就算現在每月通告從幾
726	2020-05-24 15:22	有四個大滿貫賽頭銜的過程。原先預計在美國名人賽結束後的禮拜天晚上放映，然而因影響，名人賽決定延期至。最終老虎大滿貫訂於美國東部
727	2020-05-24 15:20	桃園從事美髮的林姓女子，受影響，生意大不如前，她急需現金周轉，看到有手機銀行借款廣告簡訊，立刻與對方聯絡，卻上了詐騙集團的當，不但
728	2020-05-24 15:17	以來首次；對此前世界銀行，現任全國政協委員的林毅夫表示，在當前影響之下，存在諸多不確定性，因此不設增長目標，乃是實事求是
729	2020-05-24 15:14	們開齋節快樂，也對移工朋友們高度的自制力及配合度表達肯定與感謝。台鐵強調，為了配合防疫需求，台北車站大廳自起，在中央指揮中心及交通部的同意下公告禁止群聚及席地而坐，目前禁令並未
730	2020-05-24 15:11	綜合媒體報導，中國為是全球豬肉消費最大國之一，但中國近年來接連發生像是非洲豬瘟、等，導致該國豬肉需求短缺。而上述情形，讓雀巢看好中國人造肉市場
731	2020-05-24 15:01	緩和，台東副縣長王志輝看好遊客將大增，霸氣說我不擔心暑假期間有沒有遊客，只擔心太多遊客怎麼辦，並籲飯店業者不須降價，但要確保
732	2020-05-24 14:59	縱然賽季因持續停賽，確切的復賽時間點也尚未定案，不過為了讓自己隨時進入到比賽狀態，熱火一哥士官長巴特勒
733	2020-05-24 14:55	受影響，世界羽聯巡迴賽全面停擺，但他們努力尋求復賽，於日前公布至賽事，而預計至在台北小巨蛋登
734	2020-05-24 14:55	中，台灣每個地方都非常好玩，只要有適當的安排，當然會想要去。請見，，。
735	2020-05-24 14:51	配合防疫政策，苗栗縣後龍鎮公所調整年度西瓜節盛事，改由鎮長朱秋隆粉墨登場，與知名歌手許富凱演出微電影，以溫馨故事行銷在地優質農產，並於
